project_key,mp_name_canonical,work_clean,category,state,constituency,ida,block,village,locality,duplicate_location,duplicate_location_key,recommended_date,allocation_amount_numeric,model_risk_level,model_risk_score,model_duplicate_score,model_financial_score,model_split_sanction_score,model_pending_score,same_work_same_locality_count,same_work_same_duplicate_location_count,same_work_same_block_count,same_work_same_constituency_count,same_category_same_locality_count,same_category_same_block_count,same_category_same_constituency_count,same_mp_category_locality_count,same_ida_category_locality_count,same_type_location_month_count,location_duplicate_group_count,same_ida_locality_7day_sub5l_count,same_mp_locality_7day_sub5l_count,same_ida_same_day_count,amount_vs_category_median_ratio,amount_vs_state_category_median_ratio,amount_vs_constituency_category_median_ratio,is_near_5_lakh,status,ida_approval,model_reasons,manual_review_label,manual_review_notes,recommended_action,review_source
dbf48659e0bb6f56,Y S Avinash Reddy,"Construction of roads, approach roads, link roads and pathways",Normal/Others,Andhra Pradesh,KADAPA,DISTRICT COLLECTOR CUDDAPAH_IDA,Proddatur,Kothapalle,"Proddatur, Kothapalle",Kothapalle,kothapalle,2023-09-20,2000000,YELLOW,65.0,100,100.0,0,0,2,2,4,10,3,4,24,2,2,2,2,0,0,6,5.0,4.0,4.2553,false,Unsanctioned,Approved by IDA,Repeated or similar-category work appears in the same locality | Allocation amount is high compared with trained category/state or constituency distribution,unsure,Two risk signals are active; needs supporting documents or locality confirmation.,secondary_review,ai_assisted_first_pass
0f1fd63889cfc44f,Venkataramana Rao Mopidevi,Construction of additional rooms and halls in the existing public and community building,Normal/Others,Andhra Pradesh,SITTING RAJYA SABHA,DISTRICT COLLECTOR BAPATLA_IDA,,,"Repalle, 22",Repalle,repalle_22,2023-11-24,1750000,YELLOW,65.0,100,100.0,0,0,2,2,0,34,2,0,2643,2,2,2,1,0,0,4,4.375,3.5,3.5714,false,Unsanctioned,Approved by IDA,Repeated or similar-category work appears in the same locality | Allocation amount is high compared with trained category/state or constituency distribution,unsure,Two risk signals are active; needs supporting documents or locality confirmation.,secondary_review,ai_assisted_first_pass
a156f3408781bee8,Mvvv Satyanarayana,Construction of community centers and community halls,Normal/Others,Andhra Pradesh,VISAKHAPATNAM,DISTRICT COLLECTOR VISAKHAPATNAM_IDA,,,"Visakhapatnam, 19TH WARD",Visakhapatnam,visakhapatnam_19th_ward,2023-08-18,2285000,YELLOW,65.0,100,100.0,0,0,2,2,0,8,3,0,12,3,3,3,1,0,0,3,5.7125,4.57,1.7611,false,Unsanctioned,Approved by IDA,Repeated or similar-category work appears in the same locality | Allocation amount is high compared with trained category/state or constituency distribution,unsure,Two risk signals are active; needs supporting documents or locality confirmation.,secondary_review,ai_assisted_first_pass
668d4d6211f9fb4b,Sudhanshu Trivedi,"Construction of roads, approach roads, link roads and pathways",Normal/Others,Uttar Pradesh,SITTING RAJYA SABHA,DISTRICT MAGISTRAE LUCKNOW_IDA,,,"Lucknow, 92, Shankarpurwa-I, Ward, Lucknow",Lucknow,lucknow_92_shankarpurwa_i_ward_lucknow,2023-10-17,1232000,YELLOW,65.0,100,100.0,0,0,2,2,0,482,2,0,2643,2,2,2,1,0,0,8,3.08,5.4878,2.5143,false,Unsanctioned,Approved by IDA,Repeated or similar-category work appears in the same locality | Allocation amount is high compared with trained category/state or constituency distribution,unsure,Two risk signals are active; needs supporting documents or locality confirmation.,secondary_review,ai_assisted_first_pass
a1009c522e46c022,Pocha Brahmananda Reddy,"Construction of roads, approach roads, link roads and pathways",Normal/Others,Andhra Pradesh,NANDYAL,DISTRICT COLLECTOR NANDYAL_IDA,Uyyalawada,Uyyalawada,"Uyyalawada, Uyyalawada",Uyyalawada,uyyalawada,2023-11-25,1700000,YELLOW,65.0,100,100.0,0,0,2,2,2,15,3,2,28,2,2,2,1,0,0,2,4.25,3.4,3.4,false,Unsanctioned,Approved by IDA,Repeated or similar-category work appears in the same locality | Allocation amount is high compared with trained category/state or constituency distribution,unsure,Two risk signals are active; needs supporting documents or locality confirmation.,secondary_review,ai_assisted_first_pass
544641de37cb01ee,Harnath Singh Yadav,"Construction of roads, link roads, pathways or any other road with or without drainage system",Normal/Others,Uttar Pradesh,SITTING RAJYA SABHA,DISTRICT MAGISTRATE MAINPURI_IDA,Kuraoli,E.Sari,"Kuraoli, E.Sari",E.Sari,e_sari,2023-09-02,2138000,YELLOW,65.0,100,100.0,0,0,2,2,3,154,2,4,2643,2,2,2,1,0,0,8,5.345,9.5234,4.3633,false,Unsanctioned,Approved by IDA,Repeated or similar-category work appears in the same locality | Allocation amount is high compared with trained category/state or constituency distribution,unsure,Two risk signals are active; needs supporting documents or locality confirmation.,secondary_review,ai_assisted_first_pass
baaa732e0166efc5,R Dharmar,"Construction of roads, approach roads, link roads and pathways",Normal/Others,Tamil Nadu,SITTING RAJYA SABHA,DISTRICT COLLECTOR TENKASI_IDA,Keelapavoor,Andipatti,"Keelapavoor, Andipatti",Andipatti,andipatti,2023-10-17,2500000,YELLOW,65.0,100,100.0,0,0,2,3,2,482,3,2,2643,2,2,2,2,0,0,6,6.25,5.0,5.102,false,Completed,Approved by IDA,Repeated or similar-category work appears in the same locality | Allocation amount is high compared with trained category/state or constituency distribution,unsure,Two risk signals are active; needs supporting documents or locality confirmation.,secondary_review,ai_assisted_first_pass
a7aef7c2578c11e5,Nandigam Suresh,Street lights,Normal/Others,Andhra Pradesh,BAPATLA,DISTRICT COLLECTOR BAPATLA_IDA,Karlapalem,Karlapalem,"Karlapalem, Karlapalem",Karlapalem,karlapalem,2023-11-10,2357236,YELLOW,65.0,100,100.0,0,0,2,2,2,4,4,5,25,2,4,2,2,0,0,4,5.8931,4.7145,4.7145,false,Unsanctioned,Approved by IDA,Repeated or similar-category work appears in the same locality | Allocation amount is high compared with trained category/state or constituency distribution,unsure,Two risk signals are active; needs supporting documents or locality confirmation.,secondary_review,ai_assisted_first_pass
f7d724f5a9c1928d,Masthan Rao Beeda,"Construction of roads, approach roads, link roads and pathways",Normal/Others,Andhra Pradesh,SITTING RAJYA SABHA,DISTRICT COLLECTOR NELLORE_IDA,Allur,Gogulapalle,"Allur, Gogulapalle",Gogulapalle,gogulapalle,2023-08-31,1850000,YELLOW,65.0,100,100.0,0,0,2,2,3,482,3,5,2643,2,3,2,1,0,0,2,4.625,3.7,3.7755,false,Unsanctioned,Approved by IDA,Repeated or similar-category work appears in the same locality | Allocation amount is high compared with trained category/state or constituency distribution,unsure,Two risk signals are active; needs supporting documents or locality confirmation.,secondary_review,ai_assisted_first_pass
d81295b91bf6e424,Masthan Rao Beeda,"Construction of roads, approach roads, link roads and pathways",Normal/Others,Andhra Pradesh,SITTING RAJYA SABHA,DISTRICT COLLECTOR NELLORE_IDA,Allur,Gogulapalle,"Allur, Gogulapalle",Gogulapalle,gogulapalle,2023-08-31,1800000,YELLOW,65.0,100,100.0,0,0,2,2,3,482,3,5,2643,2,3,2,1,0,0,2,4.5,3.6,3.6735,false,Unsanctioned,Approved by IDA,Repeated or similar-category work appears in the same locality | Allocation amount is high compared with trained category/state or constituency distribution,unsure,Two risk signals are active; needs supporting documents or locality confirmation.,secondary_review,ai_assisted_first_pass
fc3bf8880cfa2366,Mvvv Satyanarayana,Construction of community centers and community halls,Normal/Others,Andhra Pradesh,VISAKHAPATNAM,DISTRICT COLLECTOR VISAKHAPATNAM_IDA,,,"Visakhapatnam, 19TH WARD",Visakhapatnam,visakhapatnam_19th_ward,2023-08-18,2330000,YELLOW,65.0,100,100.0,0,0,2,2,0,8,3,0,12,3,3,3,1,0,0,3,5.825,4.66,1.7958,false,Unsanctioned,Approved by IDA,Repeated or similar-category work appears in the same locality | Allocation amount is high compared with trained category/state or constituency distribution,unsure,Two risk signals are active; needs supporting documents or locality confirmation.,secondary_review,ai_assisted_first_pass
734b706bd954773c,Harnath Singh Yadav,"Construction of roads, link roads, pathways or any other road with or without drainage system",Normal/Others,Uttar Pradesh,SITTING RAJYA SABHA,DISTRICT MAGISTRATE MAINPURI_IDA,Kuraoli,E.Sari,"Kuraoli, E.Sari",E.Sari,e_sari,2023-09-02,2564000,YELLOW,65.0,100,100.0,0,0,2,2,3,154,2,4,2643,2,2,2,1,0,0,8,6.41,11.4209,5.2327,false,Unsanctioned,Approved by IDA,Repeated or similar-category work appears in the same locality | Allocation amount is high compared with trained category/state or constituency distribution,unsure,Two risk signals are active; needs supporting documents or locality confirmation.,secondary_review,ai_assisted_first_pass
a10fb0a45db5ba43,S Selvaganabathy,"Construction of roads, approach roads, link roads and pathways",Repair and Renovation,Puducherry,SITTING RAJYA SABHA,PROJECT DIRECTOR RDA PUDUCHERRY_IDA,,,"Pondicherry, Puducherry",Pondicherry,pondicherry_puducherry,2023-10-27,2500000,YELLOW,65.0,100,100.0,0,0,2,2,0,482,2,0,29,2,2,2,1,0,0,2,5.0,0.0,4.8837,false,,Approved by IDA,Repeated or similar-category work appears in the same locality | Allocation amount is high compared with trained category/state or constituency distribution,unsure,Two risk signals are active; needs supporting documents or locality confirmation.,secondary_review,ai_assisted_first_pass
a436d7b65258ba98,Phulo Devi Netam,Creation of new ponds,Normal/Others,Chhattisgarh,SITTING RAJYA SABHA,DISTRICT COLLECTOR KONDAGAON_IDA,Bade Rajpur,Badbattar,"Bade Rajpur, Badbattar",Badbattar,badbattar,2024-01-09,2000000,YELLOW,65.0,100,100.0,0,0,1,2,1,6,2,1,2643,2,2,1,2,0,0,1,5.0,4.0,4.0816,false,Sanctioned,Approved by IDA,Repeated or similar-category work appears in the same locality | Allocation amount is high compared with trained category/state or constituency distribution,unsure,Two risk signals are active; needs supporting documents or locality confirmation.,secondary_review,ai_assisted_first_pass
b30da91cca30e854,Hema Malini,"Construction of roads, link roads, pathways or any other road with or without drainage system",Normal/Others,Uttar Pradesh,MATHURA,DISTRICT MAGISTRAE MATHURA_IDA,,,"Mathura-Vrindavan, Mathura (MB) - Ward No.31",Mathura-Vrindavan,mathura_vrindavan_mathura_mb_ward_no_31,2024-02-23,1400000,YELLOW,65.0,100,100.0,0,0,3,3,0,3,3,0,9,3,3,3,1,0,0,3,3.5,6.2361,1.4737,false,Unsanctioned,Approved by IDA,Repeated or similar-category work appears in the same locality | Allocation amount is high compared with trained category/state or constituency distribution,unsure,Two risk signals are active; needs supporting documents or locality confirmation.,secondary_review,ai_assisted_first_pass
baaa732e0166efc5,R Dharmar,"Construction of roads, approach roads, link roads and pathways",Normal/Others,Tamil Nadu,SITTING RAJYA SABHA,DISTRICT COLLECTOR TENKASI_IDA,Keelapavoor,Andipatti,"Keelapavoor, Andipatti",Andipatti,andipatti,2023-10-17,2500000,YELLOW,65.0,100,100.0,0,0,2,3,2,482,3,2,2643,2,2,2,2,0,0,6,6.25,5.0,5.102,false,Completed,Approved by IDA,Repeated or similar-category work appears in the same locality | Allocation amount is high compared with trained category/state or constituency distribution,unsure,Two risk signals are active; needs supporting documents or locality confirmation.,secondary_review,ai_assisted_first_pass
a7aef7c2578c11e5,Nandigam Suresh,Street lights,Normal/Others,Andhra Pradesh,BAPATLA,DISTRICT COLLECTOR BAPATLA_IDA,Karlapalem,Karlapalem,"Karlapalem, Karlapalem",Karlapalem,karlapalem,2023-11-10,2357236,YELLOW,65.0,100,100.0,0,0,2,2,2,4,4,5,25,2,4,2,2,0,0,4,5.8931,4.7145,4.7145,false,Unsanctioned,Approved by IDA,Repeated or similar-category work appears in the same locality | Allocation amount is high compared with trained category/state or constituency distribution,unsure,Two risk signals are active; needs supporting documents or locality confirmation.,secondary_review,ai_assisted_first_pass
dbf48659e0bb6f56,Y S Avinash Reddy,"Construction of roads, approach roads, link roads and pathways",Normal/Others,Andhra Pradesh,KADAPA,DISTRICT COLLECTOR CUDDAPAH_IDA,Proddatur,Kothapalle,"Proddatur, Kothapalle",Kothapalle,kothapalle,2023-09-20,2000000,YELLOW,65.0,100,100.0,0,0,2,2,4,10,3,4,24,2,2,2,2,0,0,6,5.0,4.0,4.2553,false,Unsanctioned,Approved by IDA,Repeated or similar-category work appears in the same locality | Allocation amount is high compared with trained category/state or constituency distribution,unsure,Two risk signals are active; needs supporting documents or locality confirmation.,secondary_review,ai_assisted_first_pass
6b33fb693bbacb2e,Phulo Devi Netam,Creation of new ponds,Normal/Others,Chhattisgarh,SITTING RAJYA SABHA,DISTRICT COLLECTOR KONDAGAON_IDA,Baderajpur,Badbattar,"Baderajpur, Badbattar",Badbattar,badbattar,2023-09-27,2000000,YELLOW,65.0,100,100.0,0,0,1,2,1,6,2,5,2643,2,2,1,2,0,0,1,5.0,4.0,4.0816,false,Unsanctioned,Rejected by IDA,Repeated or similar-category work appears in the same locality | Allocation amount is high compared with trained category/state or constituency distribution,unsure,Two risk signals are active; needs supporting documents or locality confirmation.,secondary_review,ai_assisted_first_pass
09826c435e6f2d42,Jayant Sinha,Construction of community centers and community halls,Normal/Others,Jharkhand,HAZARIBAGH,DEPUTY COMMISSIONER HAZARIBAGH_IDA,Chouparan,Rampur,"Chouparan, Rampur",Rampur,rampur,2023-12-03,1500000,YELLOW,64.5,95,90.0,0,45,1,4,1,2,8,3,19,1,1,1,1,0,0,4,3.75,5.0,3.0,false,Unsanctioned,Action Pending,Repeated or similar-category work appears in the same locality | Allocation amount is high compared with trained category/state or constituency distribution | Project is unsanctioned with action pending,valid_flag,Multiple independent risk signals are active.,priority_review,ai_assisted_first_pass
11af9cd4dd9f61d7,Adoor Prakash,Construction of culverts and bridges,Normal/Others,Kerala,ATTINGAL,DISTRICT COLLECTOR THIRUVANANTHAPURAM_IDA,Nedumangad,Uzhamalackal,"Nedumangad, Uzhamalackal",Uzhamalackal,uzhamalackal,2024-01-22,2500000,YELLOW,64.1,82,100.0,0,45,1,1,1,1,2,10,23,2,2,2,1,0,0,3,6.25,8.3333,9.7859,false,Unsanctioned,Action Pending,Repeated or similar-category work appears in the same locality | Allocation amount is high compared with trained category/state or constituency distribution | Project is unsanctioned with action pending,valid_flag,Multiple independent risk signals are active.,priority_review,ai_assisted_first_pass
5632fe1f6383db4b,Mvvv Satyanarayana,Construction of community centers and community halls,Normal/Others,Andhra Pradesh,VISAKHAPATNAM,DISTRICT COLLECTOR VISAKHAPATNAM_IDA,,,"Visakhapatnam, 16th WARD",Visakhapatnam,visakhapatnam_16th_ward,2023-10-30,1970000,YELLOW,63.5,80,100.0,0,45,2,2,0,8,2,0,12,2,2,1,1,0,0,4,4.925,3.94,1.5183,false,Unsanctioned,Action Pending,Repeated or similar-category work appears in the same locality | Allocation amount is high compared with trained category/state or constituency distribution | Project is unsanctioned with action pending,valid_flag,Multiple independent risk signals are active.,priority_review,ai_assisted_first_pass
e468c781783712fc,Jairam Ramesh,"Construction of roads, link roads, pathways or any other road with or without drainage system",Repair and Renovation,Karnataka,SITTING RAJYA SABHA,DEPUTY COMMISSIONER CHIKKAMAGALURU_IDA,,,"Chikkamagaluru, release MPLAD fund",Chikkamagaluru,chikkamagaluru_release_mplad_fund,2024-01-04,3000000,YELLOW,62.9,78,100.0,0,45,2,2,0,154,1,0,29,1,1,1,1,0,0,6,6.0,6.0,5.8605,false,Unsanctioned,Action Pending,Repeated or similar-category work appears in the same locality | Allocation amount is high compared with trained category/state or constituency distribution | Project is unsanctioned with action pending,valid_flag,Multiple independent risk signals are active.,priority_review,ai_assisted_first_pass
d7f2ba661c85e3a1,Balashowry Vallabbhaneni,Construction of culverts and bridges,Normal/Others,Andhra Pradesh,MACHILIPATNAM,DISTRICT COLLECTOR KRISHNA_IDA,Nagayalanka,Ganapeswaram,"Nagayalanka, Ganapeswaram",Ganapeswaram,ganapeswaram,2023-12-27,5500000,YELLOW,62.9,78,100.0,0,45,1,1,1,1,2,6,18,2,2,2,1,0,0,3,13.75,11.0,11.0,false,Unsanctioned,Action Pending,Repeated or similar-category work appears in the same locality | Allocation amount is high compared with trained category/state or constituency distribution | Project is unsanctioned with action pending,valid_flag,Multiple independent risk signals are active.,priority_review,ai_assisted_first_pass
898112c952bb6d2c,Pradeep Kumar Singh,platform (chabutara),Normal/Others,Bihar,ARARIA,DISTRICT PLANNING OFFICER ARARIA_IDA,Kursakanta,Kursakatta,"Kursakanta, Kursakatta",Kursakatta,kursakatta,2023-12-02,3000000,YELLOW,62.3,76,100.0,0,45,1,1,1,1,3,2,7,3,3,2,1,0,0,1,7.5,6.0,2.0,false,Unsanctioned,Action Pending,Repeated or similar-category work appears in the same locality | Allocation amount is high compared with trained category/state or constituency distribution | Project is unsanctioned with action pending,valid_flag,Multiple independent risk signals are active.,priority_review,ai_assisted_first_pass
f034bc380ec71411,M Selvaraj,"Construction of roads, approach roads, link roads and pathways",Normal/Others,Tamil Nadu,NAGAPATTINAM(SC),District Collector Nagapattinam_IDA,Vedaranyam,Panchanathikulam West,"Vedaranyam, Panchanathikulam West",Panchanathikulam West,panchanathikulam_west,2023-12-28,2000000,YELLOW,62.0,75,100.0,0,45,1,1,1,4,2,3,17,2,2,2,1,0,0,5,5.0,4.0,4.1667,false,Unsanctioned,Action Pending,Repeated or similar-category work appears in the same locality | Allocation amount is high compared with trained category/state or constituency distribution | Project is unsanctioned with action pending,valid_flag,Multiple independent risk signals are active.,priority_review,ai_assisted_first_pass
62db3ca3bb43364f,Pradeep Kumar Singh,Construction of community centers and community halls,Normal/Others,Bihar,ARARIA,DISTRICT PLANNING OFFICER ARARIA_IDA,Kursakatta,Kursakatta,"Kursakatta, Kursakatta",Kursakatta,kursakatta,2023-12-26,6192300,YELLOW,62.0,75,100.0,0,45,1,1,1,1,3,1,7,3,3,2,1,0,0,3,15.4808,12.3846,4.1282,false,Unsanctioned,Action Pending,Repeated or similar-category work appears in the same locality | Allocation amount is high compared with trained category/state or constituency distribution | Project is unsanctioned with action pending,valid_flag,Multiple independent risk signals are active.,priority_review,ai_assisted_first_pass
8baa8c018d14fb0e,Shyam Singh Yadav,Purchase of sports equipment,Normal/Others,Uttar Pradesh,JAUNPUR,DISTRICT MAGISTRATE JAUNPUR_IDA,,,"Jaunpur, Husainabad",Jaunpur,jaunpur_husainabad,2024-02-04,1488000,YELLOW,61.8,86,90.0,0,45,2,2,0,2,5,0,19,5,5,1,1,0,0,1,3.72,6.6281,5.7231,false,Unsanctioned,Action Pending,Repeated or similar-category work appears in the same locality | Allocation amount is high compared with trained category/state or constituency distribution | Project is unsanctioned with action pending,valid_flag,Multiple independent risk signals are active.,priority_review,ai_assisted_first_pass
66588226cbaeed67,Sh Dhiraj Prasad Sahu,Purchase of immovable sports equipment,Normal/Others,Jharkhand,SITTING RAJYA SABHA,DEPUTY COMMISSIONER LOHARDAGA_IDA,,,"Lohardaga, 23",Lohardaga,lohardaga_23,2023-09-29,1490000,YELLOW,61.8,86,90.0,0,45,1,1,0,25,4,0,2643,4,4,4,1,0,0,1,3.725,4.9667,3.0408,false,Unsanctioned,Action Pending,Repeated or similar-category work appears in the same locality | Allocation amount is high compared with trained category/state or constituency distribution | Project is unsanctioned with action pending,valid_flag,Multiple independent risk signals are active.,priority_review,ai_assisted_first_pass
3f47aa21d3f78bcc,Pratima Bhoumik,20 Mtr High Mast National Flag,Normal/Others,Tripura,TRIPURA WEST,DISTRICT MAGISTRATE and COLLECTOR SIPAHIJALA_IDA,Kathalia,Mahespur,"Kathalia, Mahespur",Mahespur,mahespur,2023-10-09,1700000,YELLOW,61.7,74,100.0,0,45,1,1,1,1,2,2,25,2,2,2,1,0,0,2,4.25,4.3478,4.3478,false,Unsanctioned,Action Pending,Repeated or similar-category work appears in the same locality | Allocation amount is high compared with trained category/state or constituency distribution | Project is unsanctioned with action pending,valid_flag,Multiple independent risk signals are active.,priority_review,ai_assisted_first_pass
32587e3cd1d60fd0,Faizal Pp Mohammed,Improvement of electricity distribution infrastructure,Normal/Others,Lakshadweep,LAKSHADWEEP(ST),COLLECTOR CUM DEV COMMISSIONER LAKSHADWEEP_IDA,Andrott,Andrott (Ct),"Andrott, Andrott (Ct)",Andrott (Ct),andrott_ct,2023-09-08,28202000,YELLOW,61.7,74,100.0,0,45,1,1,1,1,2,2,11,2,2,2,1,0,0,8,70.505,26.0704,26.0704,false,Unsanctioned,Action Pending,Repeated or similar-category work appears in the same locality | Allocation amount is high compared with trained category/state or constituency distribution | Project is unsanctioned with action pending,valid_flag,Multiple independent risk signals are active.,priority_review,ai_assisted_first_pass
8ad68f6c5e679eae,Pratima Bhoumik,Construction of buildings for community cultural activities,Normal/Others,Tripura,TRIPURA WEST,DISTRICT MAGISTRATE and COLLECTOR SIPAHIJALA_IDA,Kathalia,Mahespur,"Kathalia, Mahespur",Mahespur,mahespur,2023-10-09,2600000,YELLOW,61.7,74,100.0,0,45,1,1,1,1,2,2,25,2,2,2,1,0,0,2,6.5,6.6496,6.6496,false,Unsanctioned,Action Pending,Repeated or similar-category work appears in the same locality | Allocation amount is high compared with trained category/state or constituency distribution | Project is unsanctioned with action pending,valid_flag,Multiple independent risk signals are active.,priority_review,ai_assisted_first_pass
98e444455d34dc7f,Anil Agarwal,"Construction of roads, approach roads, link roads and pathways",Normal/Others,Uttar Pradesh,SITTING RAJYA SABHA,DISTRICT MAGISTRAE GHAZIABAD_IDA,Loni,Mahmoodpur,"Loni, Mahmoodpur",Mahmoodpur,mahmoodpur,2023-07-05,1075000,YELLOW,61.5,100,90.0,0,0,2,2,2,482,2,3,2643,2,2,2,1,0,0,3,2.6875,4.7884,2.1939,false,Completed,Approved by IDA,Repeated or similar-category work appears in the same locality | Allocation amount is high compared with trained category/state or constituency distribution,unsure,Two risk signals are active; needs supporting documents or locality confirmation.,secondary_review,ai_assisted_first_pass
0c02a6ae1d6ff595,Narendra Modi,"Construction of roads, approach roads, link roads and pathways",Normal/Others,Uttar Pradesh,VARANASI,DISTRICT MAGISTRAE VARANASI_IDA,,,"Varanasi, Ward No. - 26 Newada",Varanasi,varanasi_ward_no_26_newada,2023-12-05,1075000,YELLOW,61.5,100,90.0,0,0,2,2,0,20,2,0,28,2,2,2,1,0,0,24,2.6875,4.7884,5.0827,false,Unsanctioned,Approved by IDA,Repeated or similar-category work appears in the same locality | Allocation amount is high compared with trained category/state or constituency distribution,unsure,Two risk signals are active; needs supporting documents or locality confirmation.,secondary_review,ai_assisted_first_pass
6c704d08f7f0e515,Mimi Chakraborty,Lighting of public spaces,Normal/Others,West Bengal,JADAVPUR,COMMISSIONER KOLKATA MUNICIPAL CORPORATION_IDA,,,"Kolkata, WARD NUMBER - 105",Kolkata,kolkata_ward_number_105,2023-11-17,1000000,YELLOW,61.5,100,90.0,0,0,2,2,0,3,2,0,25,2,2,1,2,0,0,3,2.5,5.0,9.3153,false,Unsanctioned,Rejected by IDA,Repeated or similar-category work appears in the same locality | Allocation amount is high compared with trained category/state or constituency distribution,unsure,Two risk signals are active; needs supporting documents or locality confirmation.,secondary_review,ai_assisted_first_pass
db26f1a408d4c4e2,Anil Agarwal,"Construction of roads, approach roads, link roads and pathways",Normal/Others,Uttar Pradesh,SITTING RAJYA SABHA,DISTRICT MAGISTRAE GHAZIABAD_IDA,,,"Ghaziabad, 80",Ghaziabad,ghaziabad_80,2023-10-17,985000,YELLOW,61.5,100,90.0,0,0,2,2,0,482,2,0,2643,2,2,2,1,0,0,4,2.4625,4.3875,2.0102,false,Unsanctioned,Approved by IDA,Repeated or similar-category work appears in the same locality | Allocation amount is high compared with trained category/state or constituency distribution,unsure,Two risk signals are active; needs supporting documents or locality confirmation.,secondary_review,ai_assisted_first_pass
c66906fb1bf1c850,Hema Malini,"Construction of roads, link roads, pathways or any other road with or without drainage system",Normal/Others,Uttar Pradesh,MATHURA,DISTRICT MAGISTRAE MATHURA_IDA,,,"Mathura-Vrindavan, Mathura (MB) - Ward No.31",Mathura-Vrindavan,mathura_vrindavan_mathura_mb_ward_no_31,2024-02-23,965000,YELLOW,61.5,100,90.0,0,0,3,3,0,3,3,0,9,3,3,3,1,0,0,3,2.4125,4.2984,1.0158,false,Unsanctioned,Approved by IDA,Repeated or similar-category work appears in the same locality | Allocation amount is high compared with trained category/state or constituency distribution,unsure,Two risk signals are active; needs supporting documents or locality confirmation.,secondary_review,ai_assisted_first_pass
c1d7045f200bc2a0,Anil Agarwal,"Construction of roads, approach roads, link roads and pathways",Normal/Others,Uttar Pradesh,SITTING RAJYA SABHA,DISTRICT MAGISTRAE GHAZIABAD_IDA,Loni,Mahmoodpur,"Loni, Mahmoodpur",Mahmoodpur,mahmoodpur,2023-07-05,1408000,YELLOW,61.5,100,90.0,0,0,2,2,2,482,2,3,2643,2,2,2,1,0,0,3,3.52,6.2717,2.8735,false,Completed,Approved by IDA,Repeated or similar-category work appears in the same locality | Allocation amount is high compared with trained category/state or constituency distribution,unsure,Two risk signals are active; needs supporting documents or locality confirmation.,secondary_review,ai_assisted_first_pass
ceedd76bbbbe5c5c,P C Mohan,"Purchase of smart boards, visual display units and projectors",Normal/Others,Karnataka,BANGALORE CENTRAL,DEPUTY COMMISSIONER BANGALORE URBAN_IDA,,,"Bbmp, 140",Bbmp,bbmp_140,2024-01-13,6000000,YELLOW,61.1,72,100.0,0,45,1,1,0,1,2,0,20,2,2,2,1,0,0,6,15.0,12.0,12.2449,false,Unsanctioned,Action Pending,Repeated or similar-category work appears in the same locality | Allocation amount is high compared with trained category/state or constituency distribution | Project is unsanctioned with action pending,valid_flag,Multiple independent risk signals are active.,priority_review,ai_assisted_first_pass
b5dfb2ff44318ad1,Vijay Kumar Singh General,"Construction of roads, approach roads, link roads and pathways",Normal/Others,Uttar Pradesh,GHAZIABAD,DISTRICT MAGISTRAE GHAZIABAD_IDA,Rajapur,Nagla Firoj Mohanpur,"Rajapur, Nagla Firoj Mohanpur",Nagla Firoj Mohanpur,nagla_firoj_mohanpur,2023-07-13,5820000,YELLOW,61.1,87,100.0,0,0,2,2,5,5,2,7,7,1,2,1,1,0,0,6,14.55,25.9243,3.0309,false,Sanctioned,Approved by IDA,Repeated or similar-category work appears in the same locality | Allocation amount is high compared with trained category/state or constituency distribution,unsure,Two risk signals are active; needs supporting documents or locality confirmation.,secondary_review,ai_assisted_first_pass
38ba9fe0c2115ccb,P C Mohan,Purchase of equipment for crèches and anganwadies,Normal/Others,Karnataka,BANGALORE CENTRAL,DEPUTY COMMISSIONER BANGALORE URBAN_IDA,,,"Bbmp, 98",Bbmp,bbmp_98,2024-01-13,2000000,YELLOW,61.1,72,100.0,0,45,1,1,0,1,2,0,20,2,2,2,1,0,0,6,5.0,4.0,4.0816,false,Unsanctioned,Action Pending,Repeated or similar-category work appears in the same locality | Allocation amount is high compared with trained category/state or constituency distribution | Project is unsanctioned with action pending,valid_flag,Multiple independent risk signals are active.,priority_review,ai_assisted_first_pass
eeacc8c17b9f3ada,Harnath Singh Yadav,"Construction of roads, approach roads, link roads and pathways",Normal/Others,Uttar Pradesh,SITTING RAJYA SABHA,DISTRICT MAGISTRATE MAINPURI_IDA,Mainpuri,Narayanpur,"Mainpuri, Narayanpur",Narayanpur,narayanpur,2023-07-22,2671000,YELLOW,61.1,87,100.0,0,0,1,2,1,482,6,1,2643,1,1,1,1,0,0,2,6.6775,11.8976,5.451,false,Unsanctioned,Rejected by IDA,Repeated or similar-category work appears in the same locality | Allocation amount is high compared with trained category/state or constituency distribution,unsure,Two risk signals are active; needs supporting documents or locality confirmation.,secondary_review,ai_assisted_first_pass
30a8e1441232b5f5,Arvind Ganpat Sawant,Construction of community centers and community halls,Normal/Others,Maharashtra,MUMBAI SOUTH,DISTRICT COLLECTOR MUMBAI CITY_IDA,,,"Greater Mumbai, D",Greater Mumbai,greater_mumbai_d,2023-12-18,2500000,YELLOW,61.1,72,100.0,0,45,1,1,0,1,2,0,4,2,2,2,1,0,0,3,6.25,3.1407,1.25,false,Unsanctioned,Action Pending,Repeated or similar-category work appears in the same locality | Allocation amount is high compared with trained category/state or constituency distribution | Project is unsanctioned with action pending,valid_flag,Multiple independent risk signals are active.,priority_review,ai_assisted_first_pass
05a7ed2acb2fc6f4,P C Mohan,Street lights,Normal/Others,Karnataka,BANGALORE CENTRAL,DEPUTY COMMISSIONER BANGALORE URBAN_IDA,,,"Bbmp, 140",Bbmp,bbmp_140,2024-01-25,2500000,YELLOW,61.1,72,100.0,0,45,1,1,0,1,2,0,20,2,2,2,1,0,0,12,6.25,5.0,5.102,false,Unsanctioned,Action Pending,Repeated or similar-category work appears in the same locality | Allocation amount is high compared with trained category/state or constituency distribution | Project is unsanctioned with action pending,valid_flag,Multiple independent risk signals are active.,priority_review,ai_assisted_first_pass
7e5bcd7db96fbd32,P C Mohan,Purchase of hospital equipment,Normal/Others,Karnataka,BANGALORE CENTRAL,DEPUTY COMMISSIONER BANGALORE URBAN_IDA,,,"Bbmp, 138",Bbmp,bbmp_138,2024-01-13,2940000,YELLOW,61.1,72,100.0,0,45,1,1,0,1,2,0,20,2,2,2,1,0,0,6,7.35,5.88,6.0,false,Unsanctioned,Action Pending,Repeated or similar-category work appears in the same locality | Allocation amount is high compared with trained category/state or constituency distribution | Project is unsanctioned with action pending,valid_flag,Multiple independent risk signals are active.,priority_review,ai_assisted_first_pass
5ed5189e59f2f9a0,Bhola Singh,"Construction of roads, approach roads, link roads and pathways",Normal/Others,Uttar Pradesh,BULANDSHAHR(SC),DISTRICT MAGISTRATE BULANDSHAHR_IDA,Agauta,Khairi,"Agauta, Khairi",Khairi,khairi,2023-07-05,1082000,YELLOW,60.8,86,100.0,0,0,1,2,1,4,3,4,58,1,1,1,1,0,0,3,2.705,4.8196,7.1184,false,Sanctioned,Approved by IDA,Repeated or similar-category work appears in the same locality | Allocation amount is high compared with trained category/state or constituency distribution,unsure,Two risk signals are active; needs supporting documents or locality confirmation.,secondary_review,ai_assisted_first_pass
bb0a7831b5197545,Ram Shakal,"Construction of roads, approach roads, link roads and pathways",Normal/Others,Uttar Pradesh,NOMINATED RAJYA SABHA,DISTRICT MAGISTRATE MIRZAPUR_IDA,Rajgarh,Baghaura,"Rajgarh, Baghaura",Baghaura,baghaura,2023-12-20,990000,YELLOW,60.6,82,90.0,0,45,1,1,3,7,2,18,129,2,2,2,1,0,0,3,2.475,4.4098,3.4982,false,Unsanctioned,Action Pending,Repeated or similar-category work appears in the same locality | Allocation amount is high compared with trained category/state or constituency distribution | Project is unsanctioned with action pending,valid_flag,Multiple independent risk signals are active.,priority_review,ai_assisted_first_pass
546eb213bebef771,Sumer Singh Solanki,Construction of buildings for community cultural activities,Normal/Others,Madhya Pradesh,SITTING RAJYA SABHA,DISTRICT COLLECTOR BADWANI_IDA,,,"Barwani, 03",Barwani,barwani_03,2023-09-23,1500000,YELLOW,60.0,80,90.0,0,45,2,2,0,56,2,0,2643,1,2,1,1,0,0,1,3.75,5.0167,3.0612,false,Unsanctioned,Action Pending,Repeated or similar-category work appears in the same locality | Allocation amount is high compared with trained category/state or constituency distribution | Project is unsanctioned with action pending,valid_flag,Multiple independent risk signals are active.,priority_review,ai_assisted_first_pass
ee9a4f34286ea0d6,Kavitha Malothu,"Construction of roads, link roads, pathways or any other road with or without drainage system",Normal/Others,Telangana,MAHABUBABAD,District Collector Bhadradri Ktdm_IDA,Burgampahad,Burgampadu,"Burgampahad, Burgampadu",Burgampadu,burgampadu,2024-01-12,499000,YELLOW,59.5,100,0.0,100,45,3,3,4,6,9,11,43,9,9,4,3,4,4,4,1.2475,1.4257,1.0848,true,Unsanctioned,Action Pending,Repeated or similar-category work appears in the same locality | Near Rs 5 lakh cluster appears within a short time window | Project is unsanctioned with action pending,valid_flag,Multiple independent risk signals are active.,priority_review,ai_assisted_first_pass
ee9a4f34286ea0d6,Kavitha Malothu,"Construction of roads, link roads, pathways or any other road with or without drainage system",Normal/Others,Telangana,MAHABUBABAD,District Collector Bhadradri Ktdm_IDA,Burgampahad,Burgampadu,"Burgampahad, Burgampadu",Burgampadu,burgampadu,2024-01-12,499000,YELLOW,59.5,100,0.0,100,45,3,3,4,6,9,11,43,9,9,4,3,4,4,4,1.2475,1.4257,1.0848,true,Unsanctioned,Action Pending,Repeated or similar-category work appears in the same locality | Near Rs 5 lakh cluster appears within a short time window | Project is unsanctioned with action pending,valid_flag,Multiple independent risk signals are active.,priority_review,ai_assisted_first_pass
341e3e9ff4196981,Kavitha Malothu,Providing drains and gutters for public drainage,Normal/Others,Telangana,MAHABUBABAD,District Collector Bhadradri Ktdm_IDA,Burgampahad,Burgampadu,"Burgampahad, Burgampadu",Burgampadu,burgampadu,2023-12-20,499000,YELLOW,59.5,100,0.0,100,45,5,5,5,9,9,11,43,9,9,5,4,5,5,6,1.2475,1.4257,1.0848,true,Unsanctioned,Action Pending,Repeated or similar-category work appears in the same locality | Near Rs 5 lakh cluster appears within a short time window | Project is unsanctioned with action pending,valid_flag,Multiple independent risk signals are active.,priority_review,ai_assisted_first_pass
8edf838098e1cf7b,Kavitha Malothu,Providing drains and gutters for public drainage,Normal/Others,Telangana,MAHABUBABAD,District Collector Bhadradri Ktdm_IDA,Burgampahad,Burgampadu,"Burgampahad, Burgampadu",Burgampadu,burgampadu,2024-01-12,499000,YELLOW,59.5,100,0.0,100,45,5,5,5,9,9,11,43,9,9,4,4,4,4,4,1.2475,1.4257,1.0848,true,Unsanctioned,Action Pending,Repeated or similar-category work appears in the same locality | Near Rs 5 lakh cluster appears within a short time window | Project is unsanctioned with action pending,valid_flag,Multiple independent risk signals are active.,priority_review,ai_assisted_first_pass
341e3e9ff4196981,Kavitha Malothu,Providing drains and gutters for public drainage,Normal/Others,Telangana,MAHABUBABAD,District Collector Bhadradri Ktdm_IDA,Burgampahad,Burgampadu,"Burgampahad, Burgampadu",Burgampadu,burgampadu,2023-12-20,499000,YELLOW,59.5,100,0.0,100,45,5,5,5,9,9,11,43,9,9,5,4,5,5,6,1.2475,1.4257,1.0848,true,Unsanctioned,Action Pending,Repeated or similar-category work appears in the same locality | Near Rs 5 lakh cluster appears within a short time window | Project is unsanctioned with action pending,valid_flag,Multiple independent risk signals are active.,priority_review,ai_assisted_first_pass
07c1c421e99c5bd8,Kavitha Malothu,"Construction of roads, approach roads, link roads and pathways",Normal/Others,Telangana,MAHABUBABAD,District Collector Bhadradri Ktdm_IDA,Burgampahad,Burgampadu,"Burgampahad, Burgampadu",Burgampadu,burgampadu,2023-12-20,499000,YELLOW,59.5,100,0.0,100,45,1,1,2,11,9,11,43,9,9,5,1,5,5,6,1.2475,1.4257,1.0848,true,Unsanctioned,Action Pending,Repeated or similar-category work appears in the same locality | Near Rs 5 lakh cluster appears within a short time window | Project is unsanctioned with action pending,valid_flag,Multiple independent risk signals are active.,priority_review,ai_assisted_first_pass
ee9a4f34286ea0d6,Kavitha Malothu,"Construction of roads, link roads, pathways or any other road with or without drainage system",Normal/Others,Telangana,MAHABUBABAD,District Collector Bhadradri Ktdm_IDA,Burgampahad,Burgampadu,"Burgampahad, Burgampadu",Burgampadu,burgampadu,2024-01-12,499000,YELLOW,59.5,100,0.0,100,45,3,3,4,6,9,11,43,9,9,4,3,4,4,4,1.2475,1.4257,1.0848,true,Unsanctioned,Action Pending,Repeated or similar-category work appears in the same locality | Near Rs 5 lakh cluster appears within a short time window | Project is unsanctioned with action pending,valid_flag,Multiple independent risk signals are active.,priority_review,ai_assisted_first_pass
341e3e9ff4196981,Kavitha Malothu,Providing drains and gutters for public drainage,Normal/Others,Telangana,MAHABUBABAD,District Collector Bhadradri Ktdm_IDA,Burgampahad,Burgampadu,"Burgampahad, Burgampadu",Burgampadu,burgampadu,2023-12-20,499000,YELLOW,59.5,100,0.0,100,45,5,5,5,9,9,11,43,9,9,5,4,5,5,6,1.2475,1.4257,1.0848,true,Unsanctioned,Action Pending,Repeated or similar-category work appears in the same locality | Near Rs 5 lakh cluster appears within a short time window | Project is unsanctioned with action pending,valid_flag,Multiple independent risk signals are active.,priority_review,ai_assisted_first_pass
6977a4888314355c,Kailash Soni,Construction of flood control embankments,Normal/Others,Madhya Pradesh,SITTING RAJYA SABHA,DISTRICT COLLECTOR NARSINGHPUR_IDA,Chawarpatha,Hirapur,"Chawarpatha, Hirapur",Hirapur,hirapur,2023-09-29,1500000,YELLOW,59.4,78,90.0,0,45,1,1,1,12,3,4,2643,2,2,2,1,0,0,2,3.75,5.0167,3.0612,false,Unsanctioned,Action Pending,Repeated or similar-category work appears in the same locality | Allocation amount is high compared with trained category/state or constituency distribution | Project is unsanctioned with action pending,valid_flag,Multiple independent risk signals are active.,priority_review,ai_assisted_first_pass
735119efef1d56cf,Sh Vijay Pal Singh Tomar,"Construction of roads, approach roads, link roads and pathways",Normal/Others,Uttar Pradesh,SITTING RAJYA SABHA,DISTRICT MAGISTRATE MEERUT_IDA,Rajpura,Badhala Kaithwara,"Rajpura, Badhala Kaithwara",Badhala Kaithwara,badhala_kaithwara,2023-09-22,1600000,YELLOW,59.3,81,100.0,0,0,1,1,2,482,2,9,2643,2,2,2,1,0,0,7,4.0,7.1269,3.2653,false,Unsanctioned,Approved by IDA,Repeated or similar-category work appears in the same locality | Allocation amount is high compared with trained category/state or constituency distribution,unsure,Two risk signals are active; needs supporting documents or locality confirmation.,secondary_review,ai_assisted_first_pass
90fbd53deb32ec35,Geeta Alias Chandraprabha,"Construction of Government office buildings (Post office, Police station, Police chauki, etc.)",Normal/Others,Uttar Pradesh,SITTING RAJYA SABHA,DISTRICT MAGISTRATE AURAIYA_IDA,Bidhuna,Dhan Wali,"Bidhuna, Dhan Wali",Dhan Wali,dhan_wali,2023-12-09,990000,YELLOW,59.1,77,90.0,0,45,1,1,2,15,2,5,2643,2,2,2,1,0,0,7,2.475,4.4098,2.0204,false,Unsanctioned,Action Pending,Repeated or similar-category work appears in the same locality | Allocation amount is high compared with trained category/state or constituency distribution | Project is unsanctioned with action pending,valid_flag,Multiple independent risk signals are active.,priority_review,ai_assisted_first_pass
db2e654fd872340d,Janardan Mishra,Lighting of public spaces,Normal/Others,Madhya Pradesh,REWA,DISTRICT COLLECTOR REWA_IDA,Raipur Karchuliyan,Hinauti,"Raipur Karchuliyan, Hinauti",Hinauti,hinauti,2023-09-11,5233600,YELLOW,59.0,80,100.0,0,0,1,1,1,1,2,8,15,2,2,2,1,0,0,2,13.084,17.5037,15.0003,false,Sanctioned,Approved by IDA,Repeated or similar-category work appears in the same locality | Allocation amount is high compared with trained category/state or constituency distribution,unsure,Two risk signals are active; needs supporting documents or locality confirmation.,secondary_review,ai_assisted_first_pass
5d3384065084f692,Topon Kumar Gogoi,Street lights,Normal/Others,Assam,JORHAT,Deputy Commissioner Charaideo_IDA,,,"Sonari, Charaideo",Sonari,sonari_charaideo,2023-09-13,2200000,YELLOW,58.7,79,100.0,0,0,1,1,0,1,3,0,49,3,3,3,1,0,0,5,5.5,6.2857,4.4,false,Unsanctioned,Rejected by IDA,Repeated or similar-category work appears in the same locality | Allocation amount is high compared with trained category/state or constituency distribution,unsure,Two risk signals are active; needs supporting documents or locality confirmation.,secondary_review,ai_assisted_first_pass
0ce091673e575cae,Dinesh Chandra Yadav,Setting up of laboratories,Normal/Others,Bihar,MADHEPURA,DISTRICT PLANNING OFFICER SAHARSA_IDA,,,Kahra,Kahra,kahra,2023-10-20,1940000,YELLOW,58.7,79,100.0,0,0,1,1,0,3,3,0,21,3,3,3,1,0,0,11,4.85,3.88,2.425,false,Sanctioned,Approved by IDA,Repeated or similar-category work appears in the same locality | Allocation amount is high compared with trained category/state or constituency distribution,unsure,Two risk signals are active; needs supporting documents or locality confirmation.,secondary_review,ai_assisted_first_pass
df54e1ccc4496749,Sh Vijay Pal Singh Tomar,"Construction of roads, approach roads, link roads and pathways",Normal/Others,Uttar Pradesh,SITTING RAJYA SABHA,DISTRICT MAGISTRATE HAPUR_IDA,Garh Mukteshwar,Inayatpur,"Garh Mukteshwar, Inayatpur",Inayatpur,inayatpur,2023-12-15,1300000,YELLOW,58.5,75,90.0,0,45,1,1,1,482,2,3,2643,2,2,2,1,0,0,3,3.25,5.7906,2.6531,false,Unsanctioned,Action Pending,Repeated or similar-category work appears in the same locality | Allocation amount is high compared with trained category/state or constituency distribution | Project is unsanctioned with action pending,valid_flag,Multiple independent risk signals are active.,priority_review,ai_assisted_first_pass
1a38e1fe92b349cc,Adala Reddy,Providing drains and gutters for public drainage,Normal/Others,Andhra Pradesh,NELLORE(SC),DISTRICT COLLECTOR NELLORE_IDA,Jaladanki,Brahmanakraka,"Jaladanki, Brahmanakraka",Brahmanakraka,brahmanakraka,2023-11-28,460000,YELLOW,58.25,100,0.0,95,45,2,2,2,4,3,3,21,3,3,3,1,3,3,3,1.15,0.92,0.6571,true,Unsanctioned,Action Pending,Repeated or similar-category work appears in the same locality | Near Rs 5 lakh cluster appears within a short time window | Project is unsanctioned with action pending,valid_flag,Multiple independent risk signals are active.,priority_review,ai_assisted_first_pass
4f4c157037f581d3,Ramesh Chandappa Jigajinagi,Construction of water tanks,Normal/Others,Karnataka,BIJAPUR(SC),DEPUTY COMMISSIONER BIJAPUR_IDA,Indi,Atharga,"Indi, Atharga",Atharga,atharga,2023-12-02,495000,YELLOW,58.25,100,0.0,95,45,2,2,2,2,3,11,82,3,3,2,2,3,3,7,1.2375,0.99,1.98,true,Unsanctioned,Action Pending,Repeated or similar-category work appears in the same locality | Near Rs 5 lakh cluster appears within a short time window | Project is unsanctioned with action pending,valid_flag,Multiple independent risk signals are active.,priority_review,ai_assisted_first_pass
4c35bbf7ad964180,Trvs Ramesh,Lighting of public spaces,Normal/Others,Tamil Nadu,CUDDALORE,DISTRICT COLLECTOR CUDDALORE_IDA,Mangalur,Meladhanur,"Mangalur, Meladhanur",Meladhanur,meladhanur,2023-12-01,450000,YELLOW,58.25,100,0.0,95,45,2,2,13,24,3,19,49,3,3,2,2,3,3,8,1.125,0.9,1.0,true,Unsanctioned,Action Pending,Repeated or similar-category work appears in the same locality | Near Rs 5 lakh cluster appears within a short time window | Project is unsanctioned with action pending,valid_flag,Multiple independent risk signals are active.,priority_review,ai_assisted_first_pass
bb89c010e06e2062,Sakaldeep Rajbhar,"Construction of roads, approach roads, link roads and pathways",Normal/Others,Uttar Pradesh,SITTING RAJYA SABHA,DISTRICT MAGISTRAE BALLIA_IDA,Nagra,Bihraharpur,"Nagra, Bihraharpur",Bihraharpur,bihraharpur,2023-10-26,450000,YELLOW,58.25,100,0.0,95,45,3,3,4,482,6,7,2643,6,6,5,1,3,3,5,1.125,2.0045,0.9184,true,Unsanctioned,Action Pending,Repeated or similar-category work appears in the same locality | Near Rs 5 lakh cluster appears within a short time window | Project is unsanctioned with action pending,valid_flag,Multiple independent risk signals are active.,priority_review,ai_assisted_first_pass
3cd5cc24c929efb9,Trvs Ramesh,High Mast,Normal/Others,Tamil Nadu,CUDDALORE,DISTRICT COLLECTOR CUDDALORE_IDA,Mangalur,Sevveri,"Mangalur, Sevveri",Sevveri,sevveri,2023-11-30,450000,YELLOW,58.25,100,0.0,95,45,2,2,5,13,3,19,49,3,3,2,2,3,3,9,1.125,0.9,1.0,true,Unsanctioned,Action Pending,Repeated or similar-category work appears in the same locality | Near Rs 5 lakh cluster appears within a short time window | Project is unsanctioned with action pending,valid_flag,Multiple independent risk signals are active.,priority_review,ai_assisted_first_pass
34c683fbcff0ca42,R Girirajan,Lighting of public spaces,Normal/Others,Tamil Nadu,SITTING RAJYA SABHA,DISTRICT COLLECTOR CUDDALORE_IDA,Tittakudi,Kazhudhoor,"Tittakudi, Kazhudhoor",Kazhudhoor,kazhudhoor,2023-12-27,450000,YELLOW,58.25,100,0.0,95,45,3,5,6,306,5,10,2643,3,5,3,3,3,3,4,1.125,0.9,0.9184,true,Unsanctioned,Action Pending,Repeated or similar-category work appears in the same locality | Near Rs 5 lakh cluster appears within a short time window | Project is unsanctioned with action pending,valid_flag,Multiple independent risk signals are active.,priority_review,ai_assisted_first_pass
34c683fbcff0ca42,R Girirajan,Lighting of public spaces,Normal/Others,Tamil Nadu,SITTING RAJYA SABHA,DISTRICT COLLECTOR CUDDALORE_IDA,Tittakudi,Kazhudhoor,"Tittakudi, Kazhudhoor",Kazhudhoor,kazhudhoor,2023-12-27,450000,YELLOW,58.25,100,0.0,95,45,3,5,6,306,5,10,2643,3,5,3,3,3,3,4,1.125,0.9,0.9184,true,Unsanctioned,Action Pending,Repeated or similar-category work appears in the same locality | Near Rs 5 lakh cluster appears within a short time window | Project is unsanctioned with action pending,valid_flag,Multiple independent risk signals are active.,priority_review,ai_assisted_first_pass
3cd5cc24c929efb9,Trvs Ramesh,High Mast,Normal/Others,Tamil Nadu,CUDDALORE,DISTRICT COLLECTOR CUDDALORE_IDA,Mangalur,Sevveri,"Mangalur, Sevveri",Sevveri,sevveri,2023-11-30,450000,YELLOW,58.25,100,0.0,95,45,2,2,5,13,3,19,49,3,3,2,2,3,3,9,1.125,0.9,1.0,true,Unsanctioned,Action Pending,Repeated or similar-category work appears in the same locality | Near Rs 5 lakh cluster appears within a short time window | Project is unsanctioned with action pending,valid_flag,Multiple independent risk signals are active.,priority_review,ai_assisted_first_pass
34c683fbcff0ca42,R Girirajan,Lighting of public spaces,Normal/Others,Tamil Nadu,SITTING RAJYA SABHA,DISTRICT COLLECTOR CUDDALORE_IDA,Tittakudi,Kazhudhoor,"Tittakudi, Kazhudhoor",Kazhudhoor,kazhudhoor,2023-12-27,450000,YELLOW,58.25,100,0.0,95,45,3,5,6,306,5,10,2643,3,5,3,3,3,3,4,1.125,0.9,0.9184,true,Unsanctioned,Action Pending,Repeated or similar-category work appears in the same locality | Near Rs 5 lakh cluster appears within a short time window | Project is unsanctioned with action pending,valid_flag,Multiple independent risk signals are active.,priority_review,ai_assisted_first_pass
4c35bbf7ad964180,Trvs Ramesh,Lighting of public spaces,Normal/Others,Tamil Nadu,CUDDALORE,DISTRICT COLLECTOR CUDDALORE_IDA,Mangalur,Meladhanur,"Mangalur, Meladhanur",Meladhanur,meladhanur,2023-12-01,450000,YELLOW,58.25,100,0.0,95,45,2,2,13,24,3,19,49,3,3,2,2,3,3,8,1.125,0.9,1.0,true,Unsanctioned,Action Pending,Repeated or similar-category work appears in the same locality | Near Rs 5 lakh cluster appears within a short time window | Project is unsanctioned with action pending,valid_flag,Multiple independent risk signals are active.,priority_review,ai_assisted_first_pass
56515e323e0530c2,Umesh G Jadhav,Construction of rooms and halls in school and colleges,Trust and Society,Karnataka,GULBARGA(SC),DEPUTY COMMISSIONER GULBARGA_IDA,,,"Kalaburagi City Corporation, 6",Kalaburagi City Corporation,kalaburagi_city_corporation_6,2023-09-11,499000,YELLOW,58.25,100,0.0,95,45,2,2,0,4,3,0,6,3,3,3,2,3,3,3,0.998,0.998,1.0,true,Unsanctioned,Action Pending,Repeated or similar-category work appears in the same locality | Near Rs 5 lakh cluster appears within a short time window | Project is unsanctioned with action pending,valid_flag,Multiple independent risk signals are active.,priority_review,ai_assisted_first_pass
4f4c157037f581d3,Ramesh Chandappa Jigajinagi,Construction of water tanks,Normal/Others,Karnataka,BIJAPUR(SC),DEPUTY COMMISSIONER BIJAPUR_IDA,Indi,Atharga,"Indi, Atharga",Atharga,atharga,2023-12-02,495000,YELLOW,58.25,100,0.0,95,45,2,2,2,2,3,11,82,3,3,2,2,3,3,7,1.2375,0.99,1.98,true,Unsanctioned,Action Pending,Repeated or similar-category work appears in the same locality | Near Rs 5 lakh cluster appears within a short time window | Project is unsanctioned with action pending,valid_flag,Multiple independent risk signals are active.,priority_review,ai_assisted_first_pass
09914b2811c85ebf,Adala Reddy,Providing drains and gutters for public drainage,Normal/Others,Andhra Pradesh,NELLORE(SC),DISTRICT COLLECTOR NELLORE_IDA,Jaladanki,Brahmanakraka,"Jaladanki, Brahmanakraka",Brahmanakraka,brahmanakraka,2023-11-28,490000,YELLOW,58.25,100,0.0,95,45,2,2,2,4,3,3,21,3,3,3,1,3,3,3,1.225,0.98,0.7,true,Unsanctioned,Action Pending,Repeated or similar-category work appears in the same locality | Near Rs 5 lakh cluster appears within a short time window | Project is unsanctioned with action pending,valid_flag,Multiple independent risk signals are active.,priority_review,ai_assisted_first_pass
2e389dc4ec7f7181,Dinesh Chandra Yadav,Setting up of laboratories,Normal/Others,Bihar,MADHEPURA,DISTRICT PLANNING OFFICER SAHARSA_IDA,,,Sonbarsa,Sonbarsa,sonbarsa,2023-10-20,1940000,YELLOW,57.8,76,100.0,0,0,1,1,0,3,4,0,21,2,2,2,1,0,0,11,4.85,3.88,2.425,false,Sanctioned,Approved by IDA,Repeated or similar-category work appears in the same locality | Allocation amount is high compared with trained category/state or constituency distribution,unsure,Two risk signals are active; needs supporting documents or locality confirmation.,secondary_review,ai_assisted_first_pass
97516d208ba155c4,Anil Agarwal,"Construction of roads, approach roads, link roads and pathways",Normal/Others,Uttar Pradesh,SITTING RAJYA SABHA,DISTRICT MAGISTRAE GHAZIABAD_IDA,Rajapur,Nagla Firoj Mohanpur,"Rajapur, Nagla Firoj Mohanpur",Nagla Firoj Mohanpur,nagla_firoj_mohanpur,2023-07-05,984000,YELLOW,57.6,87,90.0,0,0,2,2,5,482,2,7,2643,1,2,1,1,0,0,3,2.46,4.3831,2.0082,false,Sanctioned,Approved by IDA,Repeated or similar-category work appears in the same locality | Allocation amount is high compared with trained category/state or constituency distribution,unsure,Two risk signals are active; needs supporting documents or locality confirmation.,secondary_review,ai_assisted_first_pass
9620adfa4efaab9f,Rebati Tripura,Construction of water tanks,Normal/Others,Tripura,TRIPURA EAST(ST),DISTRICT MAGISTRATE DHALAI_IDA,Manu,Manu,"Manu, Manu",Manu,manu,2023-06-01,10500000,YELLOW,57.2,74,100.0,0,0,1,1,1,1,2,2,5,2,2,2,1,0,0,3,26.25,26.8542,1.7797,false,Sanctioned,Approved by IDA,Repeated or similar-category work appears in the same locality | Allocation amount is high compared with trained category/state or constituency distribution,unsure,Two risk signals are active; needs supporting documents or locality confirmation.,secondary_review,ai_assisted_first_pass
622852be98fa2cbe,Dinesh Chandra Yadav,Setting up of laboratories,Normal/Others,Bihar,MADHEPURA,DISTRICT PLANNING OFFICER SAHARSA_IDA,Mahishi,Pastwar,"Mahishi, Pastwar",Pastwar,pastwar,2023-10-20,1940000,YELLOW,57.2,74,100.0,0,0,1,1,1,3,2,2,21,2,2,2,1,0,0,11,4.85,3.88,2.425,false,Sanctioned,Approved by IDA,Repeated or similar-category work appears in the same locality | Allocation amount is high compared with trained category/state or constituency distribution,unsure,Two risk signals are active; needs supporting documents or locality confirmation.,secondary_review,ai_assisted_first_pass
a48954fa4c2fcac1,Darshana Singh,Installing community drinking water plants,Normal/Others,Uttar Pradesh,SITTING RAJYA SABHA,DISTRICT MAGISTRATE CHANDAULI_IDA,,,Chandauli,Chandauli,chandauli,2023-08-18,5040000,YELLOW,57.2,74,100.0,0,0,1,1,0,73,3,0,2643,3,3,2,1,0,0,2,12.6,22.4499,10.2857,false,Sanctioned,Approved by IDA,Repeated or similar-category work appears in the same locality | Allocation amount is high compared with trained category/state or constituency distribution,unsure,Two risk signals are active; needs supporting documents or locality confirmation.,secondary_review,ai_assisted_first_pass
7025b3daf903a054,Kuruva Gorantla Madhav,Construction of road under bridge,Normal/Others,Andhra Pradesh,HINDUPUR,DISTRICT COLLECTOR SRI SATHYA SAI_IDA,Roddam,Bucharla,"Roddam, Bucharla",Bucharla,bucharla,2023-12-30,4000000,YELLOW,57.2,74,100.0,0,0,1,1,1,1,2,2,12,2,2,2,1,0,0,2,10.0,8.0,8.0,false,Unsanctioned,Approved by IDA,Repeated or similar-category work appears in the same locality | Allocation amount is high compared with trained category/state or constituency distribution,unsure,Two risk signals are active; needs supporting documents or locality confirmation.,secondary_review,ai_assisted_first_pass
587983216cf15fcd,Darshana Singh,Construction of bus-sheds or bus-stops,Normal/Others,Uttar Pradesh,SITTING RAJYA SABHA,DISTRICT MAGISTRATE CHANDAULI_IDA,,,Chandauli,Chandauli,chandauli,2023-08-18,14743000,YELLOW,57.2,74,100.0,0,0,1,1,0,11,3,0,2643,3,3,2,1,0,0,2,36.8575,65.6704,30.0878,false,Unsanctioned,Approved by IDA,Repeated or similar-category work appears in the same locality | Allocation amount is high compared with trained category/state or constituency distribution | Financial pattern is unusual against the IsolationForest train distribution,unsure,Two risk signals are active; needs supporting documents or locality confirmation.,secondary_review,ai_assisted_first_pass
86ca0ea63ff7246c,Kuruva Gorantla Madhav,Construction of culverts and bridges,Normal/Others,Andhra Pradesh,HINDUPUR,DISTRICT COLLECTOR SRI SATHYA SAI_IDA,Roddam,Bucharla,"Roddam, Bucharla",Bucharla,bucharla,2023-12-30,4000000,YELLOW,57.2,74,100.0,0,0,1,1,1,1,2,2,12,2,2,2,1,0,0,2,10.0,8.0,8.0,false,Unsanctioned,Approved by IDA,Repeated or similar-category work appears in the same locality | Allocation amount is high compared with trained category/state or constituency distribution,unsure,Two risk signals are active; needs supporting documents or locality confirmation.,secondary_review,ai_assisted_first_pass
5ccf3bade74b9471,Rebati Tripura,Purchase of sports equipment,Normal/Others,Tripura,TRIPURA EAST(ST),DISTRICT MAGISTRATE DHALAI_IDA,Manu,Manu,"Manu, Manu",Manu,manu,2023-06-01,7500000,YELLOW,57.2,74,100.0,0,0,1,1,1,1,2,2,5,2,2,2,1,0,0,3,18.75,19.1816,1.2712,false,Unsanctioned,Approved by IDA,Repeated or similar-category work appears in the same locality | Allocation amount is high compared with trained category/state or constituency distribution,unsure,Two risk signals are active; needs supporting documents or locality confirmation.,secondary_review,ai_assisted_first_pass
e75047db0f2c945e,Vivek Narayan Shejwalkar,"Purchase of ambulances (Four, three and two wheelers)",Normal/Others,Madhya Pradesh,GWALIOR,DISTRICT COLLECTOR GWALIOR_IDA,,,"Gwalior, 56",Gwalior,gwalior_56,2023-08-08,2500000,YELLOW,56.6,72,100.0,0,0,1,1,0,1,2,0,6,2,2,2,1,0,0,1,6.25,8.3612,2.5,false,Sanctioned,Approved by IDA,Repeated or similar-category work appears in the same locality | Allocation amount is high compared with trained category/state or constituency distribution,unsure,Two risk signals are active; needs supporting documents or locality confirmation.,secondary_review,ai_assisted_first_pass
f725b7c72acbb50c,Vivek Narayan Shejwalkar,Purchase of hospital equipment,Normal/Others,Madhya Pradesh,GWALIOR,DISTRICT COLLECTOR GWALIOR_IDA,,,"Gwalior, 56",Gwalior,gwalior_56,2023-08-23,2500000,YELLOW,56.6,72,100.0,0,0,1,1,0,1,2,0,6,2,2,2,1,0,0,1,6.25,8.3612,2.5,false,Unsanctioned,Approved by IDA,Repeated or similar-category work appears in the same locality | Allocation amount is high compared with trained category/state or constituency distribution,unsure,Two risk signals are active; needs supporting documents or locality confirmation.,secondary_review,ai_assisted_first_pass
ae9878302c851bb2,Ram Shakal,Construction of rooms and halls in school and colleges,Normal/Others,Uttar Pradesh,NOMINATED RAJYA SABHA,DISTRICT MAGISTRATE MIRZAPUR_IDA,Rajgarh,Baghaura,"Rajgarh, Baghaura",Baghaura,baghaura,2023-12-20,1500000,YELLOW,56.1,82,90.0,0,0,1,1,2,8,2,18,129,2,2,2,1,0,0,3,3.75,6.6815,5.3004,false,Sanctioned,Approved by IDA,Repeated or similar-category work appears in the same locality | Allocation amount is high compared with trained category/state or constituency distribution,unsure,Two risk signals are active; needs supporting documents or locality confirmation.,secondary_review,ai_assisted_first_pass
e6f4840ccf8a059a,Komati Reddy Venkat Reddy,"Construction of roads, approach roads, link roads and pathways",Normal/Others,Telangana,BHONGIR,DISTRICT COLLECTOR YADADRI BHUVANAGIRI_IDA,Valigonda,Tekula Somaram,"Valigonda, Tekula Somaram",Tekula Somaram,tekula_somaram,2023-12-08,500000,YELLOW,55.25,100,45.0,20,45,2,2,3,19,2,9,66,2,2,2,2,0,0,15,1.25,1.4286,3.3333,true,Unsanctioned,Action Pending,Repeated or similar-category work appears in the same locality | Allocation amount is high compared with trained category/state or constituency distribution | Project is unsanctioned with action pending,valid_flag,Multiple independent risk signals are active.,priority_review,ai_assisted_first_pass
050610f0bcdcc9b5,Venkatesh Netha Borlakunta,"Construction of roads, link roads, pathways or any other road with or without drainage system",Normal/Others,Telangana,PEDDAPALLE,DISTRICT COLLECTOR JAGTIAL_IDA,Velgatur,Kapparaopet,"Velgatur, Kapparaopet",Kapparaopet,kapparaopet,2024-01-04,500000,YELLOW,55.25,100,45.0,20,45,2,2,11,19,2,16,68,2,2,2,2,0,0,10,1.25,1.4286,2.5,true,Unsanctioned,Action Pending,Repeated or similar-category work appears in the same locality | Allocation amount is high compared with trained category/state or constituency distribution | Project is unsanctioned with action pending,valid_flag,Multiple independent risk signals are active.,priority_review,ai_assisted_first_pass
dce5915e2ba6c434,Abhishek Banerjee,"Construction of roads, link roads, pathways or any other road with or without drainage system",Normal/Others,West Bengal,DIAMOND HARBOUR,DISTRICT MAGISTRATE SOUTH TWENTY FOUR PARGANAS_IDA,,,"Maheshtala, Ward-22",Maheshtala,maheshtala_ward_22,2023-09-23,500000,YELLOW,55.25,100,45.0,20,45,2,2,0,24,2,0,35,2,2,2,1,0,0,6,1.25,2.5,1.6649,true,Unsanctioned,Action Pending,Repeated or similar-category work appears in the same locality | Allocation amount is high compared with trained category/state or constituency distribution | Project is unsanctioned with action pending,valid_flag,Multiple independent risk signals are active.,priority_review,ai_assisted_first_pass
e6f4840ccf8a059a,Komati Reddy Venkat Reddy,"Construction of roads, approach roads, link roads and pathways",Normal/Others,Telangana,BHONGIR,DISTRICT COLLECTOR YADADRI BHUVANAGIRI_IDA,Valigonda,Tekula Somaram,"Valigonda, Tekula Somaram",Tekula Somaram,tekula_somaram,2023-12-08,500000,YELLOW,55.25,100,45.0,20,45,2,2,3,19,2,9,66,2,2,2,2,0,0,15,1.25,1.4286,3.3333,true,Unsanctioned,Action Pending,Repeated or similar-category work appears in the same locality | Allocation amount is high compared with trained category/state or constituency distribution | Project is unsanctioned with action pending,valid_flag,Multiple independent risk signals are active.,priority_review,ai_assisted_first_pass
7058bc6cd0dbe88d,Hasmukh Bhai Soma Bhai Patel,"Construction of roads, approach roads, link roads and pathways",Normal/Others,Gujarat,AHMEDABAD EAST,DISTRICT COLLECTOR AHMADABAD_IDA,,,"Ahmadabad, Thakkarbapanagar",Ahmadabad,ahmadabad_thakkarbapanagar,2023-10-16,500000,YELLOW,55.25,100,45.0,20,45,2,2,0,6,4,0,16,4,4,2,1,0,0,4,1.25,1.25,2.5,true,Unsanctioned,Action Pending,Repeated or similar-category work appears in the same locality | Allocation amount is high compared with trained category/state or constituency distribution | Project is unsanctioned with action pending,valid_flag,Multiple independent risk signals are active.,priority_review,ai_assisted_first_pass
02abde33cc487979,Venkatesh Netha Borlakunta,"Construction of roads, link roads, pathways or any other road with or without drainage system",Normal/Others,Telangana,PEDDAPALLE,DISTRICT COLLECTOR JAGTIAL_IDA,Velgatur,Kothapet,"Velgatur, Kothapet",Kothapet,kothapet,2024-01-04,500000,YELLOW,55.25,100,45.0,20,45,3,3,11,19,3,16,68,3,3,3,3,0,0,10,1.25,1.4286,2.5,true,Unsanctioned,Action Pending,Repeated or similar-category work appears in the same locality | Allocation amount is high compared with trained category/state or constituency distribution | Project is unsanctioned with action pending,valid_flag,Multiple independent risk signals are active.,priority_review,ai_assisted_first_pass
02abde33cc487979,Venkatesh Netha Borlakunta,"Construction of roads, link roads, pathways or any other road with or without drainage system",Normal/Others,Telangana,PEDDAPALLE,DISTRICT COLLECTOR JAGTIAL_IDA,Velgatur,Kothapet,"Velgatur, Kothapet",Kothapet,kothapet,2024-01-04,500000,YELLOW,55.25,100,45.0,20,45,3,3,11,19,3,16,68,3,3,3,3,0,0,10,1.25,1.4286,2.5,true,Unsanctioned,Action Pending,Repeated or similar-category work appears in the same locality | Allocation amount is high compared with trained category/state or constituency distribution | Project is unsanctioned with action pending,valid_flag,Multiple independent risk signals are active.,priority_review,ai_assisted_first_pass
de375a133ca5428b,Venkatesh Netha Borlakunta,"Construction of roads, link roads, pathways or any other road with or without drainage system",Normal/Others,Telangana,PEDDAPALLE,District Collector Mancherial_IDA,Bheemaram,Bhimaram,"Bheemaram, Bhimaram",Bhimaram,bhimaram,2023-12-31,500000,YELLOW,55.25,100,45.0,20,45,3,3,3,19,5,5,68,5,5,5,1,0,0,3,1.25,1.4286,2.5,true,Unsanctioned,Action Pending,Repeated or similar-category work appears in the same locality | Allocation amount is high compared with trained category/state or constituency distribution | Project is unsanctioned with action pending,valid_flag,Multiple independent risk signals are active.,priority_review,ai_assisted_first_pass
9aeb8f3d29598de6,Hasmukh Bhai Soma Bhai Patel,"Construction of roads, approach roads, link roads and pathways",Normal/Others,Gujarat,AHMEDABAD EAST,DISTRICT COLLECTOR AHMADABAD_IDA,,,"Ahmadabad, Sardarnagar",Ahmadabad,ahmadabad_sardarnagar,2023-09-06,500000,YELLOW,55.25,100,45.0,20,45,4,4,0,6,4,0,16,4,4,2,1,0,0,11,1.25,1.25,2.5,true,Unsanctioned,Action Pending,Repeated or similar-category work appears in the same locality | Allocation amount is high compared with trained category/state or constituency distribution | Project is unsanctioned with action pending,valid_flag,Multiple independent risk signals are active.,priority_review,ai_assisted_first_pass
050610f0bcdcc9b5,Venkatesh Netha Borlakunta,"Construction of roads, link roads, pathways or any other road with or without drainage system",Normal/Others,Telangana,PEDDAPALLE,DISTRICT COLLECTOR JAGTIAL_IDA,Velgatur,Kapparaopet,"Velgatur, Kapparaopet",Kapparaopet,kapparaopet,2024-01-04,500000,YELLOW,55.25,100,45.0,20,45,2,2,11,19,2,16,68,2,2,2,2,0,0,10,1.25,1.4286,2.5,true,Unsanctioned,Action Pending,Repeated or similar-category work appears in the same locality | Allocation amount is high compared with trained category/state or constituency distribution | Project is unsanctioned with action pending,valid_flag,Multiple independent risk signals are active.,priority_review,ai_assisted_first_pass
02abde33cc487979,Venkatesh Netha Borlakunta,"Construction of roads, link roads, pathways or any other road with or without drainage system",Normal/Others,Telangana,PEDDAPALLE,DISTRICT COLLECTOR JAGTIAL_IDA,Velgatur,Kothapet,"Velgatur, Kothapet",Kothapet,kothapet,2024-01-04,500000,YELLOW,55.25,100,45.0,20,45,3,3,11,19,3,16,68,3,3,3,3,0,0,10,1.25,1.4286,2.5,true,Unsanctioned,Action Pending,Repeated or similar-category work appears in the same locality | Allocation amount is high compared with trained category/state or constituency distribution | Project is unsanctioned with action pending,valid_flag,Multiple independent risk signals are active.,priority_review,ai_assisted_first_pass
969c7ac35a8c534c,Ajay Bhatt,Construction of rooms and halls in school and colleges,Normal/Others,Uttarakhand,NAINITAL UDHAM SINGH NAG.,DISTRICT MAGISTRATE UDHAMSINGH NAGAR_IDA,Sitarganj,Bidaura,"Sitarganj, Bidaura",Bidaura,bidaura,2023-10-27,800000,YELLOW,54.6,77,90.0,0,0,1,1,1,6,2,5,71,2,2,2,1,0,0,5,2.0,4.9946,3.2,false,Unsanctioned,Approved by IDA,Repeated or similar-category work appears in the same locality | Allocation amount is high compared with trained category/state or constituency distribution,unsure,Two risk signals are active; needs supporting documents or locality confirmation.,secondary_review,ai_assisted_first_pass
