project_key,mp_name_canonical,work_clean,category,state,constituency,ida,block,village,locality,recommended_date,allocation_amount_numeric,model_risk_level,model_risk_score,model_duplicate_score,model_financial_score,model_split_sanction_score,model_pending_score,same_work_same_locality_count,same_work_same_block_count,same_work_same_constituency_count,same_ida_locality_7day_sub5l_count,same_mp_locality_7day_sub5l_count,same_ida_same_day_count,amount_vs_category_median_ratio,amount_vs_state_category_median_ratio,is_near_5_lakh,status,ida_approval,model_reasons,manual_review_label,manual_review_notes,recommended_action,review_source
3ac4df9674f70349,Prem Chand Gupta,Installing hand pumps,Normal/Others,Bihar,SITTING RAJYA SABHA,DISTRICT PLANNING OFFICER PATNA_IDA,Daniyawan,Bankipur Machhariawan,"Daniyawan, Bankipur Machhariawan",2023-11-03,80000,RED,68.61,100,97.47,0,45,10,27,96,10,10,7,0.2,0.16,false,Unsanctioned,Action Pending,Repeated work appears in same locality or exact duplicate group | Financial pattern is unusual against the IsolationForest train distribution | Project is unsanctioned with action pending,valid_flag,Pending/unsanctioned status is combined with another risk signal.,prioritize_admin_review,ai_assisted_first_pass
5783461b8bbf0819,Prem Chand Gupta,Installing hand pumps,Normal/Others,Bihar,SITTING RAJYA SABHA,DISTRICT PLANNING OFFICER PATNA_IDA,Daniyawan,Bankipur Machhariawan,"Daniyawan, Bankipur Machhariawan",2023-11-02,80000,RED,68.61,100,97.47,0,45,10,27,96,10,10,1,0.2,0.16,false,Unsanctioned,Action Pending,Repeated work appears in same locality or exact duplicate group | Financial pattern is unusual against the IsolationForest train distribution | Project is unsanctioned with action pending,valid_flag,Pending/unsanctioned status is combined with another risk signal.,prioritize_admin_review,ai_assisted_first_pass
3ac4df9674f70349,Prem Chand Gupta,Installing hand pumps,Normal/Others,Bihar,SITTING RAJYA SABHA,DISTRICT PLANNING OFFICER PATNA_IDA,Daniyawan,Bankipur Machhariawan,"Daniyawan, Bankipur Machhariawan",2023-11-03,80000,RED,68.61,100,97.47,0,45,10,27,96,10,10,7,0.2,0.16,false,Unsanctioned,Action Pending,Repeated work appears in same locality or exact duplicate group | Financial pattern is unusual against the IsolationForest train distribution | Project is unsanctioned with action pending,valid_flag,Pending/unsanctioned status is combined with another risk signal.,prioritize_admin_review,ai_assisted_first_pass
3ac4df9674f70349,Prem Chand Gupta,Installing hand pumps,Normal/Others,Bihar,SITTING RAJYA SABHA,DISTRICT PLANNING OFFICER PATNA_IDA,Daniyawan,Bankipur Machhariawan,"Daniyawan, Bankipur Machhariawan",2023-11-03,80000,RED,68.61,100,97.47,0,45,10,27,96,10,10,7,0.2,0.16,false,Unsanctioned,Action Pending,Repeated work appears in same locality or exact duplicate group | Financial pattern is unusual against the IsolationForest train distribution | Project is unsanctioned with action pending,valid_flag,Pending/unsanctioned status is combined with another risk signal.,prioritize_admin_review,ai_assisted_first_pass
3ac4df9674f70349,Prem Chand Gupta,Installing hand pumps,Normal/Others,Bihar,SITTING RAJYA SABHA,DISTRICT PLANNING OFFICER PATNA_IDA,Daniyawan,Bankipur Machhariawan,"Daniyawan, Bankipur Machhariawan",2023-11-03,80000,RED,68.61,100,97.47,0,45,10,27,96,10,10,7,0.2,0.16,false,Unsanctioned,Action Pending,Repeated work appears in same locality or exact duplicate group | Financial pattern is unusual against the IsolationForest train distribution | Project is unsanctioned with action pending,valid_flag,Pending/unsanctioned status is combined with another risk signal.,prioritize_admin_review,ai_assisted_first_pass
05a710f05f26d87a,Prem Chand Gupta,Installing hand pumps,Normal/Others,Bihar,SITTING RAJYA SABHA,DISTRICT PLANNING OFFICER PATNA_IDA,Daniyawan,Bankipur Machhariawan,"Daniyawan, Bankipur Machhariawan",2023-10-27,80000,RED,68.61,100,97.47,0,45,10,27,96,10,10,7,0.2,0.16,false,Unsanctioned,Action Pending,Repeated work appears in same locality or exact duplicate group | Financial pattern is unusual against the IsolationForest train distribution | Project is unsanctioned with action pending,valid_flag,Pending/unsanctioned status is combined with another risk signal.,prioritize_admin_review,ai_assisted_first_pass
05a710f05f26d87a,Prem Chand Gupta,Installing hand pumps,Normal/Others,Bihar,SITTING RAJYA SABHA,DISTRICT PLANNING OFFICER PATNA_IDA,Daniyawan,Bankipur Machhariawan,"Daniyawan, Bankipur Machhariawan",2023-10-27,80000,RED,68.61,100,97.47,0,45,10,27,96,10,10,7,0.2,0.16,false,Unsanctioned,Action Pending,Repeated work appears in same locality or exact duplicate group | Financial pattern is unusual against the IsolationForest train distribution | Project is unsanctioned with action pending,valid_flag,Pending/unsanctioned status is combined with another risk signal.,prioritize_admin_review,ai_assisted_first_pass
3ac4df9674f70349,Prem Chand Gupta,Installing hand pumps,Normal/Others,Bihar,SITTING RAJYA SABHA,DISTRICT PLANNING OFFICER PATNA_IDA,Daniyawan,Bankipur Machhariawan,"Daniyawan, Bankipur Machhariawan",2023-11-03,80000,RED,68.61,100,97.47,0,45,10,27,96,10,10,7,0.2,0.16,false,Unsanctioned,Action Pending,Repeated work appears in same locality or exact duplicate group | Financial pattern is unusual against the IsolationForest train distribution | Project is unsanctioned with action pending,valid_flag,Pending/unsanctioned status is combined with another risk signal.,prioritize_admin_review,ai_assisted_first_pass
3ac4df9674f70349,Prem Chand Gupta,Installing hand pumps,Normal/Others,Bihar,SITTING RAJYA SABHA,DISTRICT PLANNING OFFICER PATNA_IDA,Daniyawan,Bankipur Machhariawan,"Daniyawan, Bankipur Machhariawan",2023-11-03,80000,RED,68.61,100,97.47,0,45,10,27,96,10,10,7,0.2,0.16,false,Unsanctioned,Action Pending,Repeated work appears in same locality or exact duplicate group | Financial pattern is unusual against the IsolationForest train distribution | Project is unsanctioned with action pending,valid_flag,Pending/unsanctioned status is combined with another risk signal.,prioritize_admin_review,ai_assisted_first_pass
3ac4df9674f70349,Prem Chand Gupta,Installing hand pumps,Normal/Others,Bihar,SITTING RAJYA SABHA,DISTRICT PLANNING OFFICER PATNA_IDA,Daniyawan,Bankipur Machhariawan,"Daniyawan, Bankipur Machhariawan",2023-11-03,80000,RED,68.61,100,97.47,0,45,10,27,96,10,10,7,0.2,0.16,false,Unsanctioned,Action Pending,Repeated work appears in same locality or exact duplicate group | Financial pattern is unusual against the IsolationForest train distribution | Project is unsanctioned with action pending,valid_flag,Pending/unsanctioned status is combined with another risk signal.,prioritize_admin_review,ai_assisted_first_pass
07b7435fe3b4f19b,Abhishek Banerjee,"Construction of roads, link roads, pathways or any other road with or without drainage system",Normal/Others,West Bengal,DIAMOND HARBOUR,DISTRICT MAGISTRATE SOUTH TWENTY FOUR PARGANAS_IDA,,,"Maheshtala, Ward-14",2023-09-12,100000,RED,68.48,100,97.08,0,45,6,0,24,6,6,6,0.25,0.5,false,Unsanctioned,Action Pending,Repeated work appears in same locality or exact duplicate group | Financial pattern is unusual against the IsolationForest train distribution | Project is unsanctioned with action pending,valid_flag,Pending/unsanctioned status is combined with another risk signal.,prioritize_admin_review,ai_assisted_first_pass
07b7435fe3b4f19b,Abhishek Banerjee,"Construction of roads, link roads, pathways or any other road with or without drainage system",Normal/Others,West Bengal,DIAMOND HARBOUR,DISTRICT MAGISTRATE SOUTH TWENTY FOUR PARGANAS_IDA,,,"Maheshtala, Ward-14",2023-09-12,100000,RED,68.48,100,97.08,0,45,6,0,24,6,6,6,0.25,0.5,false,Unsanctioned,Action Pending,Repeated work appears in same locality or exact duplicate group | Financial pattern is unusual against the IsolationForest train distribution | Project is unsanctioned with action pending,valid_flag,Pending/unsanctioned status is combined with another risk signal.,prioritize_admin_review,ai_assisted_first_pass
397c629a78cc55ef,Jairam Ramesh,Construction of community centers and community halls,Normal/Others,Karnataka,SITTING RAJYA SABHA,DEPUTY COMMISSIONER CHIKKAMAGALURU_IDA,,,"Kadur, Kadur Taluk",2023-09-04,2000000,RED,67.7,94,100.0,0,45,3,0,198,0,0,14,5.0,4.0,false,Unsanctioned,Action Pending,Repeated work appears in same locality or exact duplicate group | Allocation amount is high compared with trained category/state distribution | Project is unsanctioned with action pending,valid_flag,Pending/unsanctioned status is combined with another risk signal.,prioritize_admin_review,ai_assisted_first_pass
397c629a78cc55ef,Jairam Ramesh,Construction of community centers and community halls,Normal/Others,Karnataka,SITTING RAJYA SABHA,DEPUTY COMMISSIONER CHIKKAMAGALURU_IDA,,,"Kadur, Kadur Taluk",2023-09-04,2000000,RED,67.7,94,100.0,0,45,3,0,198,0,0,14,5.0,4.0,false,Unsanctioned,Action Pending,Repeated work appears in same locality or exact duplicate group | Allocation amount is high compared with trained category/state distribution | Project is unsanctioned with action pending,valid_flag,Pending/unsanctioned status is combined with another risk signal.,prioritize_admin_review,ai_assisted_first_pass
397c629a78cc55ef,Jairam Ramesh,Construction of community centers and community halls,Normal/Others,Karnataka,SITTING RAJYA SABHA,DEPUTY COMMISSIONER CHIKKAMAGALURU_IDA,,,"Kadur, Kadur Taluk",2023-09-04,2000000,RED,67.7,94,100.0,0,45,3,0,198,0,0,14,5.0,4.0,false,Unsanctioned,Action Pending,Repeated work appears in same locality or exact duplicate group | Allocation amount is high compared with trained category/state distribution | Project is unsanctioned with action pending,valid_flag,Pending/unsanctioned status is combined with another risk signal.,prioritize_admin_review,ai_assisted_first_pass
81f361e9ce711de8,Tapir Gao,Construction of flood control embankments,Normal/Others,Arunachal Pradesh,ARUNACHAL EAST,Deputy Commisioner Lower Dibang Valley_IDA,Roing,Lupong,"Roing, Lupong",2023-12-18,2500000,RED,66.8,91,100.0,0,45,2,2,7,0,0,2,6.25,5.0,false,Unsanctioned,Action Pending,Repeated work appears in same locality or exact duplicate group | Allocation amount is high compared with trained category/state distribution | Project is unsanctioned with action pending,valid_flag,Pending/unsanctioned status is combined with another risk signal.,prioritize_admin_review,ai_assisted_first_pass
81f361e9ce711de8,Tapir Gao,Construction of flood control embankments,Normal/Others,Arunachal Pradesh,ARUNACHAL EAST,Deputy Commisioner Lower Dibang Valley_IDA,Roing,Lupong,"Roing, Lupong",2023-12-18,2500000,RED,66.8,91,100.0,0,45,2,2,7,0,0,2,6.25,5.0,false,Unsanctioned,Action Pending,Repeated work appears in same locality or exact duplicate group | Allocation amount is high compared with trained category/state distribution | Project is unsanctioned with action pending,valid_flag,Pending/unsanctioned status is combined with another risk signal.,prioritize_admin_review,ai_assisted_first_pass
75dc5c0dfb27a236,Faizal Pp Mohammed,Purchase of hospital equipment,Normal/Others,Lakshadweep,LAKSHADWEEP(ST),COLLECTOR CUM DEV COMMISSIONER LAKSHADWEEP_IDA,Kavaratti,Kavaratti (Ct),"Kavaratti, Kavaratti (Ct)",2023-09-12,10430000,YELLOW,63.5,80,100.0,0,45,6,6,9,0,0,1,26.075,9.6417,false,Unsanctioned,Action Pending,Repeated work appears in same locality or exact duplicate group | Allocation amount is high compared with trained category/state distribution | Financial pattern is unusual against the IsolationForest train distribution | Project is unsanctioned with action pending,valid_flag,Pending/unsanctioned status is combined with another risk signal.,prioritize_admin_review,ai_assisted_first_pass
e3e62137da1cd8a2,Mimi Chakraborty,Lighting of public spaces,Normal/Others,West Bengal,JADAVPUR,COMMISSIONER KOLKATA MUNICIPAL CORPORATION_IDA,,,"Kolkata, WARD NUMBER - 105",2024-01-17,1000000,YELLOW,63.3,91,90.0,0,45,2,0,3,0,0,1,2.5,5.0,false,Unsanctioned,Action Pending,Repeated work appears in same locality or exact duplicate group | Allocation amount is high compared with trained category/state distribution | Project is unsanctioned with action pending,valid_flag,Pending/unsanctioned status is combined with another risk signal.,prioritize_admin_review,ai_assisted_first_pass
47e9b08daf7aedaa,P Selvarasu,"Construction of roads, approach roads, link roads and pathways",Normal/Others,Tamil Nadu,SITTING RAJYA SABHA,DISTRICT COLLECTOR ERODE_IDA,Kodumudi,Kongudayampalayam,"Kodumudi, Kongudayampalayam",2023-12-06,2662000,YELLOW,62.6,77,100.0,0,45,4,4,482,0,0,7,6.655,5.324,false,Unsanctioned,Action Pending,Repeated work appears in same locality or exact duplicate group | Allocation amount is high compared with trained category/state distribution | Project is unsanctioned with action pending,valid_flag,Pending/unsanctioned status is combined with another risk signal.,prioritize_admin_review,ai_assisted_first_pass
e705e693f604056c,Abhishek Banerjee,"Construction of roads, link roads, pathways or any other road with or without drainage system",Normal/Others,West Bengal,DIAMOND HARBOUR,DISTRICT MAGISTRATE SOUTH TWENTY FOUR PARGANAS_IDA,,,"Maheshtala, Ward-14",2023-09-12,100203,YELLOW,62.48,80,97.08,0,45,6,0,24,6,6,6,0.2505,0.501,false,Unsanctioned,Action Pending,Repeated work appears in same locality or exact duplicate group | Financial pattern is unusual against the IsolationForest train distribution | Project is unsanctioned with action pending,valid_flag,Pending/unsanctioned status is combined with another risk signal.,prioritize_admin_review,ai_assisted_first_pass
1ad3618ffdb41b10,Birendra Prasad Baishya,"Construction of roads, approach roads, link roads and pathways",Normal/Others,Assam,SITTING RAJYA SABHA,Deputy Commissioner Goalpara_IDA,Rongjuli,Dhupdhara Pt-I,"Rongjuli, Dhupdhara Pt-I",2023-11-16,2320000,YELLOW,61.7,74,100.0,0,45,3,3,482,0,0,3,5.8,6.6286,false,Unsanctioned,Action Pending,Repeated work appears in same locality or exact duplicate group | Allocation amount is high compared with trained category/state distribution | Financial pattern is unusual against the IsolationForest train distribution | Project is unsanctioned with action pending,valid_flag,Pending/unsanctioned status is combined with another risk signal.,prioritize_admin_review,ai_assisted_first_pass
26c742478ee91de4,Abhishek Banerjee,"Construction of roads, link roads, pathways or any other road with or without drainage system",Normal/Others,West Bengal,DIAMOND HARBOUR,DISTRICT MAGISTRATE SOUTH TWENTY FOUR PARGANAS_IDA,,,"Maheshtala, Ward-25",2023-09-13,1000753,YELLOW,61.7,74,100.0,0,45,3,0,24,0,0,8,2.5019,5.0038,false,Unsanctioned,Action Pending,Repeated work appears in same locality or exact duplicate group | Allocation amount is high compared with trained category/state distribution | Project is unsanctioned with action pending,valid_flag,Pending/unsanctioned status is combined with another risk signal.,prioritize_admin_review,ai_assisted_first_pass
8899beb102a22d2a,Subrata Bakshi,"Construction of roads, approach roads, link roads and pathways",Normal/Others,West Bengal,SITTING RAJYA SABHA,DISTRICT MAGISTRATE MALDA_IDA,Habibpur,Habibpur,"Habibpur, Habibpur",2023-12-20,3148476,YELLOW,61.7,74,100.0,0,45,3,3,482,0,0,2,7.8712,15.7424,false,Unsanctioned,Action Pending,Repeated work appears in same locality or exact duplicate group | Allocation amount is high compared with trained category/state distribution | Financial pattern is unusual against the IsolationForest train distribution | Project is unsanctioned with action pending,valid_flag,Pending/unsanctioned status is combined with another risk signal.,prioritize_admin_review,ai_assisted_first_pass
2c645ded53c0443e,Birendra Prasad Baishya,"Construction of roads, approach roads, link roads and pathways",Normal/Others,Assam,SITTING RAJYA SABHA,Deputy Commissioner Goalpara_IDA,Rongjuli,Dhupdhara Pt-I,"Rongjuli, Dhupdhara Pt-I",2023-11-16,2400000,YELLOW,61.7,74,100.0,0,45,3,3,482,0,0,3,6.0,6.8571,false,Unsanctioned,Action Pending,Repeated work appears in same locality or exact duplicate group | Allocation amount is high compared with trained category/state distribution | Financial pattern is unusual against the IsolationForest train distribution | Project is unsanctioned with action pending,valid_flag,Pending/unsanctioned status is combined with another risk signal.,prioritize_admin_review,ai_assisted_first_pass
bbb8b839bdfc7209,Subhasish Chakrobarty,"Construction of roads, approach roads, link roads and pathways",Normal/Others,West Bengal,SITTING RAJYA SABHA,DISTRICT MAGISTRATE MALDA_IDA,Habibpur,Habibpur,"Habibpur, Habibpur",2023-12-20,2616862,YELLOW,61.7,74,100.0,0,45,3,3,482,0,0,2,6.5422,13.0843,false,Unsanctioned,Action Pending,Repeated work appears in same locality or exact duplicate group | Allocation amount is high compared with trained category/state distribution | Project is unsanctioned with action pending,valid_flag,Pending/unsanctioned status is combined with another risk signal.,prioritize_admin_review,ai_assisted_first_pass
9fe8792215db6089,Birendra Prasad Baishya,"Construction of roads, approach roads, link roads and pathways",Normal/Others,Assam,SITTING RAJYA SABHA,Deputy Commissioner Goalpara_IDA,Rongjuli,Dhupdhara Pt-I,"Rongjuli, Dhupdhara Pt-I",2023-11-16,2300000,YELLOW,61.7,74,100.0,0,45,3,3,482,0,0,3,5.75,6.5714,false,Unsanctioned,Action Pending,Repeated work appears in same locality or exact duplicate group | Allocation amount is high compared with trained category/state distribution | Financial pattern is unusual against the IsolationForest train distribution | Project is unsanctioned with action pending,valid_flag,Pending/unsanctioned status is combined with another risk signal.,prioritize_admin_review,ai_assisted_first_pass
84aeb769e4a38f39,Abir Ranjan Biswas,"Construction of roads, approach roads, link roads and pathways",Normal/Others,West Bengal,SITTING RAJYA SABHA,DISTRICT MAGISTRATE MALDA_IDA,Habibpur,Habibpur,"Habibpur, Habibpur",2023-12-21,7697158,YELLOW,61.7,74,100.0,0,45,3,3,482,0,0,1,19.2429,38.4858,false,Unsanctioned,Action Pending,Repeated work appears in same locality or exact duplicate group | Allocation amount is high compared with trained category/state distribution | Financial pattern is unusual against the IsolationForest train distribution | Project is unsanctioned with action pending,valid_flag,Pending/unsanctioned status is combined with another risk signal.,prioritize_admin_review,ai_assisted_first_pass
4d334181f8147efb,Abhishek Banerjee,"Construction of roads, link roads, pathways or any other road with or without drainage system",Normal/Others,West Bengal,DIAMOND HARBOUR,DISTRICT MAGISTRATE SOUTH TWENTY FOUR PARGANAS_IDA,,,"Maheshtala, Ward-22",2023-09-13,1800000,YELLOW,60.8,71,100.0,0,45,2,0,24,0,0,8,4.5,9.0,false,Unsanctioned,Action Pending,Repeated work appears in same locality or exact duplicate group | Allocation amount is high compared with trained category/state distribution | Financial pattern is unusual against the IsolationForest train distribution | Project is unsanctioned with action pending,valid_flag,Pending/unsanctioned status is combined with another risk signal.,prioritize_admin_review,ai_assisted_first_pass
434fce2972084c22,Venkataramana Rao Mopidevi,Construction of additional rooms and halls in the existing public and community building,Normal/Others,Andhra Pradesh,SITTING RAJYA SABHA,DISTRICT COLLECTOR BAPATLA_IDA,,,"Repalle, 22",2023-11-26,4500000,YELLOW,60.8,71,100.0,0,45,2,0,34,0,0,4,11.25,9.0,false,Unsanctioned,Action Pending,Repeated work appears in same locality or exact duplicate group | Allocation amount is high compared with trained category/state distribution | Project is unsanctioned with action pending,valid_flag,Pending/unsanctioned status is combined with another risk signal.,prioritize_admin_review,ai_assisted_first_pass
9c8810bfa95b98e7,Anil Kumar Jain,"Construction of roads, link roads, pathways or any other road with or without drainage system",Normal/Others,Uttar Pradesh,SITTING RAJYA SABHA,DISTRICT MAGISTRATE FIROZABAD_IDA,Firozabad,Garhi Hansram,"Firozabad, Garhi Hansram",2024-01-13,1710000,YELLOW,60.8,71,100.0,0,45,2,2,154,0,0,2,4.275,7.6169,false,Unsanctioned,Action Pending,Repeated work appears in same locality or exact duplicate group | Allocation amount is high compared with trained category/state distribution | Project is unsanctioned with action pending,valid_flag,Pending/unsanctioned status is combined with another risk signal.,prioritize_admin_review,ai_assisted_first_pass
ff4896e27cedf64d,Jairam Ramesh,"Construction of roads, link roads, pathways or any other road with or without drainage system",Normal/Others,Karnataka,SITTING RAJYA SABHA,DEPUTY COMMISSIONER CHIKKAMAGALURU_IDA,,,"Chikkamagaluru, release MPLAD fund",2024-01-04,1800000,YELLOW,60.8,71,100.0,0,45,2,0,154,0,0,6,4.5,3.6,false,Unsanctioned,Action Pending,Repeated work appears in same locality or exact duplicate group | Allocation amount is high compared with trained category/state distribution | Project is unsanctioned with action pending,valid_flag,Pending/unsanctioned status is combined with another risk signal.,prioritize_admin_review,ai_assisted_first_pass
9c0dddf153114ec1,Jayadev Galla,"Construction of roads, approach roads, link roads and pathways",Normal/Others,Andhra Pradesh,GUNTUR,DISTRICT COLLECTOR GUNTUR_IDA,Tadikonda,Lam,"Tadikonda, Lam",2023-12-28,1740000,YELLOW,60.8,71,100.0,0,45,2,2,19,0,0,2,4.35,3.48,false,Unsanctioned,Action Pending,Repeated work appears in same locality or exact duplicate group | Allocation amount is high compared with trained category/state distribution | Project is unsanctioned with action pending,valid_flag,Pending/unsanctioned status is combined with another risk signal.,prioritize_admin_review,ai_assisted_first_pass
bd7bd8e19dc7dde1,Adala Reddy,"Construction of roads, approach roads, link roads and pathways",Normal/Others,Andhra Pradesh,NELLORE(SC),DISTRICT COLLECTOR NELLORE_IDA,,,"Nellore Municipal Corporation, 31",2023-12-23,2150000,YELLOW,60.8,71,100.0,0,45,2,0,9,0,0,5,5.375,4.3,false,Unsanctioned,Action Pending,Repeated work appears in same locality or exact duplicate group | Allocation amount is high compared with trained category/state distribution | Project is unsanctioned with action pending,valid_flag,Pending/unsanctioned status is combined with another risk signal.,prioritize_admin_review,ai_assisted_first_pass
6e6322e73b0e1f39,Topon Kumar Gogoi,Construction of rooms and halls in school and colleges,Normal/Others,Assam,JORHAT,DEPUTY COMMISSIONER JORHAT_IDA,,,"Jorhat, ward no-10",2023-09-19,2000000,YELLOW,60.8,71,100.0,0,45,2,0,13,0,0,6,5.0,5.7143,false,Unsanctioned,Action Pending,Repeated work appears in same locality or exact duplicate group | Allocation amount is high compared with trained category/state distribution | Project is unsanctioned with action pending,valid_flag,Pending/unsanctioned status is combined with another risk signal.,prioritize_admin_review,ai_assisted_first_pass
e468c781783712fc,Jairam Ramesh,"Construction of roads, link roads, pathways or any other road with or without drainage system",Repair and Renovation,Karnataka,SITTING RAJYA SABHA,DEPUTY COMMISSIONER CHIKKAMAGALURU_IDA,,,"Chikkamagaluru, release MPLAD fund",2024-01-04,3000000,YELLOW,60.8,71,100.0,0,45,2,0,154,0,0,6,6.0,6.0,false,Unsanctioned,Action Pending,Repeated work appears in same locality or exact duplicate group | Allocation amount is high compared with trained category/state distribution | Project is unsanctioned with action pending,valid_flag,Pending/unsanctioned status is combined with another risk signal.,prioritize_admin_review,ai_assisted_first_pass
8d6ef0b16e9c4b49,Gk Vasan,Construction of community centers and community halls,Normal/Others,Tamil Nadu,SITTING RAJYA SABHA,DISTRICT COLLECTOR COIMBATORE_IDA,Kinathukadavu,Sirukkalandai,"Kinathukadavu, Sirukkalandai",2023-10-26,3000000,YELLOW,60.8,71,100.0,0,45,2,2,198,0,0,2,7.5,6.0,false,Unsanctioned,Action Pending,Repeated work appears in same locality or exact duplicate group | Allocation amount is high compared with trained category/state distribution | Project is unsanctioned with action pending,valid_flag,Pending/unsanctioned status is combined with another risk signal.,prioritize_admin_review,ai_assisted_first_pass
9572f278f7136d1b,M Selvaraj,"Construction of roads, approach roads, link roads and pathways",Normal/Others,Tamil Nadu,NAGAPATTINAM(SC),DISTRICT COLLECTOR THIRUVARUR_IDA,Kottur,Perungavazhandan-I,"Kottur, Perungavazhandan-I",2023-09-29,2500000,YELLOW,60.8,71,100.0,0,45,2,2,4,0,0,10,6.25,5.0,false,Unsanctioned,Action Pending,Repeated work appears in same locality or exact duplicate group | Allocation amount is high compared with trained category/state distribution | Project is unsanctioned with action pending,valid_flag,Pending/unsanctioned status is combined with another risk signal.,prioritize_admin_review,ai_assisted_first_pass
5632fe1f6383db4b,Mvvv Satyanarayana,Construction of community centers and community halls,Normal/Others,Andhra Pradesh,VISAKHAPATNAM,DISTRICT COLLECTOR VISAKHAPATNAM_IDA,,,"Visakhapatnam, 16th WARD",2023-10-30,1970000,YELLOW,60.8,71,100.0,0,45,2,0,8,0,0,4,4.925,3.94,false,Unsanctioned,Action Pending,Repeated work appears in same locality or exact duplicate group | Allocation amount is high compared with trained category/state distribution | Project is unsanctioned with action pending,valid_flag,Pending/unsanctioned status is combined with another risk signal.,prioritize_admin_review,ai_assisted_first_pass
74f494cd91f8b287,Rajendra Agrawal,"Construction of roads, approach roads, link roads and pathways",Normal/Others,Uttar Pradesh,MEERUT,DISTRICT MAGISTRATE MEERUT_IDA,,,"Meerut, 1",2023-12-21,975995,YELLOW,60.0,80,90.0,0,45,5,0,8,0,0,4,2.44,4.3474,false,Unsanctioned,Action Pending,Repeated work appears in same locality or exact duplicate group | Allocation amount is high compared with trained category/state distribution | Project is unsanctioned with action pending,valid_flag,Pending/unsanctioned status is combined with another risk signal.,prioritize_admin_review,ai_assisted_first_pass
341e3e9ff4196981,Kavitha Malothu,Providing drains and gutters for public drainage,Normal/Others,Telangana,MAHABUBABAD,District Collector Bhadradri Ktdm_IDA,Burgampahad,Burgampadu,"Burgampahad, Burgampadu",2023-12-20,499000,YELLOW,59.5,100,0.0,100,45,5,5,9,5,5,6,1.2475,1.4257,true,Unsanctioned,Action Pending,Repeated work appears in same locality or exact duplicate group | Near Rs 5 lakh cluster appears within a short time window | Project is unsanctioned with action pending,valid_flag,Pending/unsanctioned status is combined with another risk signal.,prioritize_admin_review,ai_assisted_first_pass
8edf838098e1cf7b,Kavitha Malothu,Providing drains and gutters for public drainage,Normal/Others,Telangana,MAHABUBABAD,District Collector Bhadradri Ktdm_IDA,Burgampahad,Burgampadu,"Burgampahad, Burgampadu",2024-01-12,499000,YELLOW,59.5,100,0.0,100,45,5,5,9,4,4,4,1.2475,1.4257,true,Unsanctioned,Action Pending,Repeated work appears in same locality or exact duplicate group | Near Rs 5 lakh cluster appears within a short time window | Project is unsanctioned with action pending,valid_flag,Pending/unsanctioned status is combined with another risk signal.,prioritize_admin_review,ai_assisted_first_pass
341e3e9ff4196981,Kavitha Malothu,Providing drains and gutters for public drainage,Normal/Others,Telangana,MAHABUBABAD,District Collector Bhadradri Ktdm_IDA,Burgampahad,Burgampadu,"Burgampahad, Burgampadu",2023-12-20,499000,YELLOW,59.5,100,0.0,100,45,5,5,9,5,5,6,1.2475,1.4257,true,Unsanctioned,Action Pending,Repeated work appears in same locality or exact duplicate group | Near Rs 5 lakh cluster appears within a short time window | Project is unsanctioned with action pending,valid_flag,Pending/unsanctioned status is combined with another risk signal.,prioritize_admin_review,ai_assisted_first_pass
341e3e9ff4196981,Kavitha Malothu,Providing drains and gutters for public drainage,Normal/Others,Telangana,MAHABUBABAD,District Collector Bhadradri Ktdm_IDA,Burgampahad,Burgampadu,"Burgampahad, Burgampadu",2023-12-20,499000,YELLOW,59.5,100,0.0,100,45,5,5,9,5,5,6,1.2475,1.4257,true,Unsanctioned,Action Pending,Repeated work appears in same locality or exact duplicate group | Near Rs 5 lakh cluster appears within a short time window | Project is unsanctioned with action pending,valid_flag,Pending/unsanctioned status is combined with another risk signal.,prioritize_admin_review,ai_assisted_first_pass
aa5472b9144a67eb,Sakaldeep Rajbhar,"Construction of roads, approach roads, link roads and pathways",Normal/Others,Uttar Pradesh,SITTING RAJYA SABHA,DISTRICT MAGISTRAE BALLIA_IDA,Nagra,Bihraharpur,"Nagra, Bihraharpur",2023-10-24,1000000,YELLOW,58.2,74,90.0,0,45,3,4,482,0,0,2,2.5,4.4543,false,Unsanctioned,Action Pending,Repeated work appears in same locality or exact duplicate group | Allocation amount is high compared with trained category/state distribution | Project is unsanctioned with action pending,valid_flag,Pending/unsanctioned status is combined with another risk signal.,prioritize_admin_review,ai_assisted_first_pass
ee9a4f34286ea0d6,Kavitha Malothu,"Construction of roads, link roads, pathways or any other road with or without drainage system",Normal/Others,Telangana,MAHABUBABAD,District Collector Bhadradri Ktdm_IDA,Burgampahad,Burgampadu,"Burgampahad, Burgampadu",2024-01-12,499000,YELLOW,57.7,94,0.0,100,45,3,4,6,4,4,4,1.2475,1.4257,true,Unsanctioned,Action Pending,Repeated work appears in same locality or exact duplicate group | Near Rs 5 lakh cluster appears within a short time window | Project is unsanctioned with action pending,valid_flag,Pending/unsanctioned status is combined with another risk signal.,prioritize_admin_review,ai_assisted_first_pass
ee9a4f34286ea0d6,Kavitha Malothu,"Construction of roads, link roads, pathways or any other road with or without drainage system",Normal/Others,Telangana,MAHABUBABAD,District Collector Bhadradri Ktdm_IDA,Burgampahad,Burgampadu,"Burgampahad, Burgampadu",2024-01-12,499000,YELLOW,57.7,94,0.0,100,45,3,4,6,4,4,4,1.2475,1.4257,true,Unsanctioned,Action Pending,Repeated work appears in same locality or exact duplicate group | Near Rs 5 lakh cluster appears within a short time window | Project is unsanctioned with action pending,valid_flag,Pending/unsanctioned status is combined with another risk signal.,prioritize_admin_review,ai_assisted_first_pass
ee9a4f34286ea0d6,Kavitha Malothu,"Construction of roads, link roads, pathways or any other road with or without drainage system",Normal/Others,Telangana,MAHABUBABAD,District Collector Bhadradri Ktdm_IDA,Burgampahad,Burgampadu,"Burgampahad, Burgampadu",2024-01-12,499000,YELLOW,57.7,94,0.0,100,45,3,4,6,4,4,4,1.2475,1.4257,true,Unsanctioned,Action Pending,Repeated work appears in same locality or exact duplicate group | Near Rs 5 lakh cluster appears within a short time window | Project is unsanctioned with action pending,valid_flag,Pending/unsanctioned status is combined with another risk signal.,prioritize_admin_review,ai_assisted_first_pass
dd7e439182cc23f8,Anil Kumar Jain,"Construction of roads, link roads, pathways or any other road with or without drainage system",Normal/Others,Uttar Pradesh,SITTING RAJYA SABHA,DISTRICT MAGISTRATE FIROZABAD_IDA,Firozabad,Garhi Hansram,"Firozabad, Garhi Hansram",2024-01-13,1500000,YELLOW,57.3,71,90.0,0,45,2,2,154,0,0,2,3.75,6.6815,false,Unsanctioned,Action Pending,Repeated work appears in same locality or exact duplicate group | Allocation amount is high compared with trained category/state distribution | Project is unsanctioned with action pending,valid_flag,Pending/unsanctioned status is combined with another risk signal.,prioritize_admin_review,ai_assisted_first_pass
8baa8c018d14fb0e,Shyam Singh Yadav,Purchase of sports equipment,Normal/Others,Uttar Pradesh,JAUNPUR,DISTRICT MAGISTRATE JAUNPUR_IDA,,,"Jaunpur, Husainabad",2024-02-04,1488000,YELLOW,57.3,71,90.0,0,45,2,0,2,0,0,1,3.72,6.6281,false,Unsanctioned,Action Pending,Repeated work appears in same locality or exact duplicate group | Allocation amount is high compared with trained category/state distribution | Project is unsanctioned with action pending,valid_flag,Pending/unsanctioned status is combined with another risk signal.,prioritize_admin_review,ai_assisted_first_pass
360c5d69faad6f77,Sh Dhiraj Prasad Sahu,"Construction of roads, approach roads, link roads and pathways",Normal/Others,Jharkhand,SITTING RAJYA SABHA,DEPUTY COMMISSIONER LOHARDAGA_IDA,,,"Lohardaga, 23",2023-09-20,1495000,YELLOW,57.3,71,90.0,0,45,2,0,482,0,0,3,3.7375,4.9833,false,Unsanctioned,Action Pending,Repeated work appears in same locality or exact duplicate group | Allocation amount is high compared with trained category/state distribution | Project is unsanctioned with action pending,valid_flag,Pending/unsanctioned status is combined with another risk signal.,prioritize_admin_review,ai_assisted_first_pass
546eb213bebef771,Sumer Singh Solanki,Construction of buildings for community cultural activities,Normal/Others,Madhya Pradesh,SITTING RAJYA SABHA,DISTRICT COLLECTOR BADWANI_IDA,,,"Barwani, 03",2023-09-23,1500000,YELLOW,57.3,71,90.0,0,45,2,0,56,0,0,1,3.75,5.0167,false,Unsanctioned,Action Pending,Repeated work appears in same locality or exact duplicate group | Allocation amount is high compared with trained category/state distribution | Project is unsanctioned with action pending,valid_flag,Pending/unsanctioned status is combined with another risk signal.,prioritize_admin_review,ai_assisted_first_pass
34c683fbcff0ca42,R Girirajan,Lighting of public spaces,Normal/Others,Tamil Nadu,SITTING RAJYA SABHA,DISTRICT COLLECTOR CUDDALORE_IDA,Tittakudi,Kazhudhoor,"Tittakudi, Kazhudhoor",2023-12-27,450000,YELLOW,56.45,94,0.0,95,45,3,6,306,3,3,4,1.125,0.9,true,Unsanctioned,Action Pending,Repeated work appears in same locality or exact duplicate group | Near Rs 5 lakh cluster appears within a short time window | Project is unsanctioned with action pending,valid_flag,Pending/unsanctioned status is combined with another risk signal.,prioritize_admin_review,ai_assisted_first_pass
34c683fbcff0ca42,R Girirajan,Lighting of public spaces,Normal/Others,Tamil Nadu,SITTING RAJYA SABHA,DISTRICT COLLECTOR CUDDALORE_IDA,Tittakudi,Kazhudhoor,"Tittakudi, Kazhudhoor",2023-12-27,450000,YELLOW,56.45,94,0.0,95,45,3,6,306,3,3,4,1.125,0.9,true,Unsanctioned,Action Pending,Repeated work appears in same locality or exact duplicate group | Near Rs 5 lakh cluster appears within a short time window | Project is unsanctioned with action pending,valid_flag,Pending/unsanctioned status is combined with another risk signal.,prioritize_admin_review,ai_assisted_first_pass
34c683fbcff0ca42,R Girirajan,Lighting of public spaces,Normal/Others,Tamil Nadu,SITTING RAJYA SABHA,DISTRICT COLLECTOR CUDDALORE_IDA,Tittakudi,Kazhudhoor,"Tittakudi, Kazhudhoor",2023-12-27,450000,YELLOW,56.45,94,0.0,95,45,3,6,306,3,3,4,1.125,0.9,true,Unsanctioned,Action Pending,Repeated work appears in same locality or exact duplicate group | Near Rs 5 lakh cluster appears within a short time window | Project is unsanctioned with action pending,valid_flag,Pending/unsanctioned status is combined with another risk signal.,prioritize_admin_review,ai_assisted_first_pass
4c35bbf7ad964180,Trvs Ramesh,Lighting of public spaces,Normal/Others,Tamil Nadu,CUDDALORE,DISTRICT COLLECTOR CUDDALORE_IDA,Mangalur,Meladhanur,"Mangalur, Meladhanur",2023-12-01,450000,YELLOW,55.55,91,0.0,95,45,2,13,24,3,3,8,1.125,0.9,true,Unsanctioned,Action Pending,Repeated work appears in same locality or exact duplicate group | Near Rs 5 lakh cluster appears within a short time window | Project is unsanctioned with action pending,valid_flag,Pending/unsanctioned status is combined with another risk signal.,prioritize_admin_review,ai_assisted_first_pass
4f4c157037f581d3,Ramesh Chandappa Jigajinagi,Construction of water tanks,Normal/Others,Karnataka,BIJAPUR(SC),DEPUTY COMMISSIONER BIJAPUR_IDA,Indi,Atharga,"Indi, Atharga",2023-12-02,495000,YELLOW,55.55,91,0.0,95,45,2,2,2,3,3,7,1.2375,0.99,true,Unsanctioned,Action Pending,Repeated work appears in same locality or exact duplicate group | Near Rs 5 lakh cluster appears within a short time window | Project is unsanctioned with action pending,valid_flag,Pending/unsanctioned status is combined with another risk signal.,prioritize_admin_review,ai_assisted_first_pass
3cd5cc24c929efb9,Trvs Ramesh,High Mast,Normal/Others,Tamil Nadu,CUDDALORE,DISTRICT COLLECTOR CUDDALORE_IDA,Mangalur,Sevveri,"Mangalur, Sevveri",2023-11-30,450000,YELLOW,55.55,91,0.0,95,45,2,5,13,3,3,9,1.125,0.9,true,Unsanctioned,Action Pending,Repeated work appears in same locality or exact duplicate group | Near Rs 5 lakh cluster appears within a short time window | Project is unsanctioned with action pending,valid_flag,Pending/unsanctioned status is combined with another risk signal.,prioritize_admin_review,ai_assisted_first_pass
3cd5cc24c929efb9,Trvs Ramesh,High Mast,Normal/Others,Tamil Nadu,CUDDALORE,DISTRICT COLLECTOR CUDDALORE_IDA,Mangalur,Sevveri,"Mangalur, Sevveri",2023-11-30,450000,YELLOW,55.55,91,0.0,95,45,2,5,13,3,3,9,1.125,0.9,true,Unsanctioned,Action Pending,Repeated work appears in same locality or exact duplicate group | Near Rs 5 lakh cluster appears within a short time window | Project is unsanctioned with action pending,valid_flag,Pending/unsanctioned status is combined with another risk signal.,prioritize_admin_review,ai_assisted_first_pass
4f4c157037f581d3,Ramesh Chandappa Jigajinagi,Construction of water tanks,Normal/Others,Karnataka,BIJAPUR(SC),DEPUTY COMMISSIONER BIJAPUR_IDA,Indi,Atharga,"Indi, Atharga",2023-12-02,495000,YELLOW,55.55,91,0.0,95,45,2,2,2,3,3,7,1.2375,0.99,true,Unsanctioned,Action Pending,Repeated work appears in same locality or exact duplicate group | Near Rs 5 lakh cluster appears within a short time window | Project is unsanctioned with action pending,valid_flag,Pending/unsanctioned status is combined with another risk signal.,prioritize_admin_review,ai_assisted_first_pass
4c35bbf7ad964180,Trvs Ramesh,Lighting of public spaces,Normal/Others,Tamil Nadu,CUDDALORE,DISTRICT COLLECTOR CUDDALORE_IDA,Mangalur,Meladhanur,"Mangalur, Meladhanur",2023-12-01,450000,YELLOW,55.55,91,0.0,95,45,2,13,24,3,3,8,1.125,0.9,true,Unsanctioned,Action Pending,Repeated work appears in same locality or exact duplicate group | Near Rs 5 lakh cluster appears within a short time window | Project is unsanctioned with action pending,valid_flag,Pending/unsanctioned status is combined with another risk signal.,prioritize_admin_review,ai_assisted_first_pass
56515e323e0530c2,Umesh G Jadhav,Construction of rooms and halls in school and colleges,Trust and Society,Karnataka,GULBARGA(SC),DEPUTY COMMISSIONER GULBARGA_IDA,,,"Kalaburagi City Corporation, 6",2023-09-11,499000,YELLOW,55.55,91,0.0,95,45,2,0,4,3,3,3,0.998,0.998,true,Unsanctioned,Action Pending,Repeated work appears in same locality or exact duplicate group | Near Rs 5 lakh cluster appears within a short time window | Project is unsanctioned with action pending,valid_flag,Pending/unsanctioned status is combined with another risk signal.,prioritize_admin_review,ai_assisted_first_pass
45537ac4f19d0c9f,Radha Mohan Singh,Development of public parks,Normal/Others,Bihar,PURVI CHAMPARAN,DISTRICT PLANNING OFFICER MOTHIHARI EAST CHAMPARAN_IDA,,,"Motihari, 23",2023-12-11,1500000,YELLOW,51.05,91,55.0,0,45,2,0,3,0,0,4,3.75,3.0,false,Unsanctioned,Action Pending,Repeated work appears in same locality or exact duplicate group | Allocation amount is high compared with trained category/state distribution | Project is unsanctioned with action pending,valid_flag,Pending/unsanctioned status is combined with another risk signal.,prioritize_admin_review,ai_assisted_first_pass
45537ac4f19d0c9f,Radha Mohan Singh,Development of public parks,Normal/Others,Bihar,PURVI CHAMPARAN,DISTRICT PLANNING OFFICER MOTHIHARI EAST CHAMPARAN_IDA,,,"Motihari, 23",2023-12-11,1500000,YELLOW,51.05,91,55.0,0,45,2,0,3,0,0,4,3.75,3.0,false,Unsanctioned,Action Pending,Repeated work appears in same locality or exact duplicate group | Allocation amount is high compared with trained category/state distribution | Project is unsanctioned with action pending,valid_flag,Pending/unsanctioned status is combined with another risk signal.,prioritize_admin_review,ai_assisted_first_pass
bb89c010e06e2062,Sakaldeep Rajbhar,"Construction of roads, approach roads, link roads and pathways",Normal/Others,Uttar Pradesh,SITTING RAJYA SABHA,DISTRICT MAGISTRAE BALLIA_IDA,Nagra,Bihraharpur,"Nagra, Bihraharpur",2023-10-26,450000,YELLOW,50.45,74,0.0,95,45,3,4,482,3,3,5,1.125,2.0045,true,Unsanctioned,Action Pending,Repeated work appears in same locality or exact duplicate group | Near Rs 5 lakh cluster appears within a short time window | Project is unsanctioned with action pending,valid_flag,Pending/unsanctioned status is combined with another risk signal.,prioritize_admin_review,ai_assisted_first_pass
1a38e1fe92b349cc,Adala Reddy,Providing drains and gutters for public drainage,Normal/Others,Andhra Pradesh,NELLORE(SC),DISTRICT COLLECTOR NELLORE_IDA,Jaladanki,Brahmanakraka,"Jaladanki, Brahmanakraka",2023-11-28,460000,YELLOW,49.55,71,0.0,95,45,2,2,4,3,3,3,1.15,0.92,true,Unsanctioned,Action Pending,Repeated work appears in same locality or exact duplicate group | Near Rs 5 lakh cluster appears within a short time window | Project is unsanctioned with action pending,valid_flag,Pending/unsanctioned status is combined with another risk signal.,prioritize_admin_review,ai_assisted_first_pass
09914b2811c85ebf,Adala Reddy,Providing drains and gutters for public drainage,Normal/Others,Andhra Pradesh,NELLORE(SC),DISTRICT COLLECTOR NELLORE_IDA,Jaladanki,Brahmanakraka,"Jaladanki, Brahmanakraka",2023-11-28,490000,YELLOW,49.55,71,0.0,95,45,2,2,4,3,3,3,1.225,0.98,true,Unsanctioned,Action Pending,Repeated work appears in same locality or exact duplicate group | Near Rs 5 lakh cluster appears within a short time window | Project is unsanctioned with action pending,valid_flag,Pending/unsanctioned status is combined with another risk signal.,prioritize_admin_review,ai_assisted_first_pass
8b65e870510acf82,Chandrani Murmu,Lighting of public spaces,Normal/Others,Odisha,KEONJHAR(ST),DISTRICT COLLECTOR KEONJHAR_IDA,Kendujhar Sadar,Baradapal,"Kendujhar Sadar, Baradapal",2024-02-05,780000,YELLOW,48.45,94,45.0,0,45,3,3,7,0,0,2,1.95,3.12,false,Unsanctioned,Action Pending,Repeated work appears in same locality or exact duplicate group | Allocation amount is high compared with trained category/state distribution | Project is unsanctioned with action pending,valid_flag,Pending/unsanctioned status is combined with another risk signal.,prioritize_admin_review,ai_assisted_first_pass
8b65e870510acf82,Chandrani Murmu,Lighting of public spaces,Normal/Others,Odisha,KEONJHAR(ST),DISTRICT COLLECTOR KEONJHAR_IDA,Kendujhar Sadar,Baradapal,"Kendujhar Sadar, Baradapal",2024-02-05,780000,YELLOW,48.45,94,45.0,0,45,3,3,7,0,0,2,1.95,3.12,false,Unsanctioned,Action Pending,Repeated work appears in same locality or exact duplicate group | Allocation amount is high compared with trained category/state distribution | Project is unsanctioned with action pending,valid_flag,Pending/unsanctioned status is combined with another risk signal.,prioritize_admin_review,ai_assisted_first_pass
ebdeab3801e18ccc,Faizal Pp Mohammed,Purchase of hospital equipment,Normal/Others,Lakshadweep,LAKSHADWEEP(ST),COLLECTOR CUM DEV COMMISSIONER LAKSHADWEEP_IDA,Kavaratti,Kavaratti (Ct),"Kavaratti, Kavaratti (Ct)",2023-09-25,2780000,YELLOW,47.75,80,55.0,0,45,6,6,9,0,0,2,6.95,2.5699,false,Unsanctioned,Action Pending,Repeated work appears in same locality or exact duplicate group | Allocation amount is high compared with trained category/state distribution | Project is unsanctioned with action pending,valid_flag,Pending/unsanctioned status is combined with another risk signal.,prioritize_admin_review,ai_assisted_first_pass
8636ad55153ae5d8,Bharatiben Dhirubhai Shyal,Providing CCTV camera system for security of public areas,Normal/Others,Gujarat,BHAVNAGAR,DISTRICT COLLECTOR BHAVNAGAR_IDA,,,"Vallabhipur, Vallabhipur",2023-10-11,1500000,YELLOW,47.55,91,45.0,0,45,2,0,2,0,0,1,3.75,3.75,false,Unsanctioned,Action Pending,Repeated work appears in same locality or exact duplicate group | Allocation amount is high compared with trained category/state distribution | Project is unsanctioned with action pending,valid_flag,Pending/unsanctioned status is combined with another risk signal.,prioritize_admin_review,ai_assisted_first_pass
b1d94f864eb36a52,Rajendra Agrawal,"Construction of roads, approach roads, link roads and pathways",Normal/Others,Uttar Pradesh,MEERUT,DISTRICT MAGISTRATE MEERUT_IDA,,,"Meerut, 1",2023-12-21,720735,YELLOW,44.25,80,45.0,0,45,5,0,8,0,0,4,1.8018,3.2104,false,Unsanctioned,Action Pending,Repeated work appears in same locality or exact duplicate group | Allocation amount is high compared with trained category/state distribution | Project is unsanctioned with action pending,valid_flag,Pending/unsanctioned status is combined with another risk signal.,prioritize_admin_review,ai_assisted_first_pass
9b93c1391dd2cf44,Rajendra Agrawal,"Construction of roads, approach roads, link roads and pathways",Normal/Others,Uttar Pradesh,MEERUT,DISTRICT MAGISTRATE MEERUT_IDA,,,"Meerut, 1",2023-12-21,917441,YELLOW,44.25,80,45.0,0,45,5,0,8,0,0,4,2.2936,4.0866,false,Unsanctioned,Action Pending,Repeated work appears in same locality or exact duplicate group | Allocation amount is high compared with trained category/state distribution | Project is unsanctioned with action pending,valid_flag,Pending/unsanctioned status is combined with another risk signal.,prioritize_admin_review,ai_assisted_first_pass
fc5d87edec12fa91,Aditya Prasad,"Construction of roads, approach roads, link roads and pathways",Normal/Others,Jharkhand,SITTING RAJYA SABHA,DEPUTY COMMISSIONER DHANBAD_IDA,,,"Dhanbad, 23",2023-07-30,1000000,YELLOW,43.35,77,45.0,0,45,4,0,482,0,0,1,2.5,3.3333,false,Unsanctioned,Action Pending,Repeated work appears in same locality or exact duplicate group | Allocation amount is high compared with trained category/state distribution | Project is unsanctioned with action pending,valid_flag,Pending/unsanctioned status is combined with another risk signal.,prioritize_admin_review,ai_assisted_first_pass
2a7600341496811a,Abhishek Banerjee,"Construction of roads, link roads, pathways or any other road with or without drainage system",Normal/Others,West Bengal,DIAMOND HARBOUR,DISTRICT MAGISTRATE SOUTH TWENTY FOUR PARGANAS_IDA,,,"Maheshtala, Ward-21",2023-09-13,700400,YELLOW,41.55,71,45.0,0,45,2,0,24,0,0,8,1.751,3.502,false,Unsanctioned,Action Pending,Repeated work appears in same locality or exact duplicate group | Allocation amount is high compared with trained category/state distribution | Project is unsanctioned with action pending,valid_flag,Pending/unsanctioned status is combined with another risk signal.,prioritize_admin_review,ai_assisted_first_pass
c1038508bbfcbdac,Nitesh Ganga Deb,Renovation of ponds and lakes,Normal/Others,Odisha,SAMBALPUR,District Collector Deogarh_IDA,Barkot,Madhyapur,"Barkot, Madhyapur",2024-02-09,800000,YELLOW,41.55,71,45.0,0,45,2,6,21,0,0,28,2.0,3.2,false,Unsanctioned,Action Pending,Repeated work appears in same locality or exact duplicate group | Allocation amount is high compared with trained category/state distribution | Project is unsanctioned with action pending,valid_flag,Pending/unsanctioned status is combined with another risk signal.,prioritize_admin_review,ai_assisted_first_pass
b957bc7ba20e7f2a,Abhishek Banerjee,"Construction of roads, link roads, pathways or any other road with or without drainage system",Normal/Others,West Bengal,DIAMOND HARBOUR,DISTRICT MAGISTRATE SOUTH TWENTY FOUR PARGANAS_IDA,,,"Maheshtala, Ward-21",2023-09-13,800067,YELLOW,41.55,71,45.0,0,45,2,0,24,0,0,8,2.0002,4.0003,false,Unsanctioned,Action Pending,Repeated work appears in same locality or exact duplicate group | Allocation amount is high compared with trained category/state distribution | Project is unsanctioned with action pending,valid_flag,Pending/unsanctioned status is combined with another risk signal.,prioritize_admin_review,ai_assisted_first_pass
34394b82cb218cd5,Abhishek Banerjee,"Construction of roads, link roads, pathways or any other road with or without drainage system",Normal/Others,West Bengal,DIAMOND HARBOUR,DISTRICT MAGISTRATE SOUTH TWENTY FOUR PARGANAS_IDA,,,"Pujali, Ward-6",2023-09-13,700000,YELLOW,41.55,71,45.0,0,45,2,0,24,0,0,8,1.75,3.5,false,Unsanctioned,Action Pending,Repeated work appears in same locality or exact duplicate group | Allocation amount is high compared with trained category/state distribution | Project is unsanctioned with action pending,valid_flag,Pending/unsanctioned status is combined with another risk signal.,prioritize_admin_review,ai_assisted_first_pass
918be8a62729c7e2,Ravindra Shyamnarayan Alias Ravi Kishan Shukla,"Construction of roads, approach roads, link roads and pathways",Normal/Others,Uttar Pradesh,GORAKHPUR,DISTRICT MAGISTRATE GORAKHPUR_IDA,,,"Gorakhpur, GORAKHPUR",2023-12-04,750000,YELLOW,41.55,71,45.0,0,45,2,0,3,0,0,1,1.875,3.3408,false,Unsanctioned,Action Pending,Repeated work appears in same locality or exact duplicate group | Allocation amount is high compared with trained category/state distribution | Project is unsanctioned with action pending,valid_flag,Pending/unsanctioned status is combined with another risk signal.,prioritize_admin_review,ai_assisted_first_pass
8091b5fce6681f1e,Neeraj Dangi,"Construction of roads, link roads, pathways or any other road with or without drainage system",Normal/Others,Rajasthan,SITTING RAJYA SABHA,DISTRICT COLLECTOR JAISLAMER_IDA,Jaisalmer,Chandhan,"Jaisalmer, Chandhan",2024-01-24,2000000,YELLOW,40.4,3,100.0,0,45,1,1,154,0,0,1,5.0,4.0,false,Unsanctioned,Action Pending,Allocation amount is high compared with trained category/state distribution | Project is unsanctioned with action pending,valid_flag,Pending/unsanctioned status is combined with another risk signal.,prioritize_admin_review,ai_assisted_first_pass
2adb48f192b2bea7,Thomas Chazhikadan,Lighting of public spaces,Normal/Others,Kerala,KOTTAYAM,DISTRICT COLLECTOR KOTTAYAM_IDA,Erattupetta,Moonilavu,"Erattupetta, Moonilavu",2023-11-17,2000000,YELLOW,40.4,3,100.0,0,45,1,3,25,0,0,1,5.0,6.6667,false,Unsanctioned,Action Pending,Allocation amount is high compared with trained category/state distribution | Project is unsanctioned with action pending,valid_flag,Pending/unsanctioned status is combined with another risk signal.,prioritize_admin_review,ai_assisted_first_pass
bbe09a7571652749,K Subbarayan,"Construction of roads, link roads, pathways or any other road with or without drainage system",Normal/Others,Tamil Nadu,TIRUPPUR,DISTRICT COLLECTOR TIRUPPUR_IDA,,,"Tiruppur, 37",2023-12-08,2100000,YELLOW,40.4,3,100.0,0,45,1,0,2,0,0,5,5.25,4.2,false,Unsanctioned,Action Pending,Allocation amount is high compared with trained category/state distribution | Project is unsanctioned with action pending,valid_flag,Pending/unsanctioned status is combined with another risk signal.,prioritize_admin_review,ai_assisted_first_pass
dd6935b794e4c701,Ilaiyaraaja,Lighting of public spaces,Normal/Others,Tamil Nadu,NOMINATED RAJYA SABHA,DISTRICT COLLECTOR THENI_IDA,,,"Gudalur, Ward No: 11 & 21",2023-12-18,1800000,YELLOW,40.4,3,100.0,0,45,1,0,60,0,0,4,4.5,3.6,false,Unsanctioned,Action Pending,Allocation amount is high compared with trained category/state distribution | Project is unsanctioned with action pending,valid_flag,Pending/unsanctioned status is combined with another risk signal.,prioritize_admin_review,ai_assisted_first_pass
94bde6a027cd0d50,S Venkatesan,Construction of Canteen Building,Normal/Others,Tamil Nadu,MADURAI,DISTRICT COLLECTOR MADURAI_IDA,,,"Madurai, Meenakshi Government Arts and Science College for Women at Madurai",2023-12-14,2500000,YELLOW,40.4,3,100.0,0,45,1,0,1,0,0,3,6.25,5.0,false,Unsanctioned,Action Pending,Allocation amount is high compared with trained category/state distribution | Project is unsanctioned with action pending,valid_flag,Pending/unsanctioned status is combined with another risk signal.,prioritize_admin_review,ai_assisted_first_pass
d3ebd370deeb06e8,P Bhattacharya,Construction of community centers and community halls,Normal/Others,West Bengal,SITTING RAJYA SABHA,DISTRICT MAGISTRATE BANKURA_IDA,Barjora,Barjora (Ct),"Barjora, Barjora (Ct)",2023-06-29,2000000,YELLOW,40.4,3,100.0,0,45,1,1,198,0,0,1,5.0,10.0,false,Unsanctioned,Action Pending,Allocation amount is high compared with trained category/state distribution | Project is unsanctioned with action pending,valid_flag,Pending/unsanctioned status is combined with another risk signal.,prioritize_admin_review,ai_assisted_first_pass
daa1798672da245c,S Gnanathiraviam,Construction of New Building,Normal/Others,Tamil Nadu,TIRUNELVELI,DISTRICT COLLECTOR TIRUNELVELI_IDA,,,"Tirunelveli, 44",2024-01-07,2200000,YELLOW,40.4,3,100.0,0,45,1,0,6,0,0,11,5.5,4.4,false,Unsanctioned,Action Pending,Allocation amount is high compared with trained category/state distribution | Project is unsanctioned with action pending,valid_flag,Pending/unsanctioned status is combined with another risk signal.,prioritize_admin_review,ai_assisted_first_pass
6b2d1c576f0e6e07,Mansukh Madaviya,Construction of rooms and halls in school and colleges,Trust and Society,Gujarat,SITTING RAJYA SABHA,DISTRICT COLLECTOR BHAVNAGAR_IDA,Palitana,Moti Rajasthali,"Palitana, Moti Rajasthali",2024-01-29,2500000,YELLOW,40.4,3,100.0,0,45,1,4,107,0,0,1,5.0,5.0,false,Unsanctioned,Action Pending,Allocation amount is high compared with trained category/state distribution | Project is unsanctioned with action pending,valid_flag,Pending/unsanctioned status is combined with another risk signal.,prioritize_admin_review,ai_assisted_first_pass
fbdc380600dc1bc4,Anil Kumar Jain,"Construction of roads, link roads, pathways or any other road with or without drainage system",Normal/Others,Uttar Pradesh,SITTING RAJYA SABHA,DISTRICT MAGISTRATE BULANDSHAHR_IDA,Anupshahr,Pootha,"Anupshahr, Pootha",2024-02-09,3500000,YELLOW,40.4,3,100.0,0,45,1,1,154,0,0,1,8.75,15.5902,false,Unsanctioned,Action Pending,Allocation amount is high compared with trained category/state distribution | Financial pattern is unusual against the IsolationForest train distribution | Project is unsanctioned with action pending,valid_flag,Pending/unsanctioned status is combined with another risk signal.,prioritize_admin_review,ai_assisted_first_pass
a2784eb7518446c9,Manmohan Singh,Construction of rooms and halls in school and colleges,Normal/Others,Rajasthan,SITTING RAJYA SABHA,DISTRICT COLLECTOR NAGAUR_IDA,Makrana,Joosri,"Makrana, Joosri",2023-09-15,2500000,YELLOW,40.4,3,100.0,0,45,1,2,107,0,0,1,6.25,5.0,false,Unsanctioned,Action Pending,Allocation amount is high compared with trained category/state distribution | Project is unsanctioned with action pending,valid_flag,Pending/unsanctioned status is combined with another risk signal.,prioritize_admin_review,ai_assisted_first_pass
ae7d9678902ed214,Narendra Kumar,"Construction of roads, approach roads, link roads and pathways",Normal/Others,Rajasthan,JHUNJHUNU,DISTRICT COLLECTOR JHUNJHUNU_IDA,Alsisar,Dhani Charan,"Alsisar, Dhani Charan",2023-09-28,2000000,YELLOW,40.4,3,100.0,0,45,1,7,8,0,0,3,5.0,4.0,false,Unsanctioned,Action Pending,Allocation amount is high compared with trained category/state distribution | Project is unsanctioned with action pending,valid_flag,Pending/unsanctioned status is combined with another risk signal.,prioritize_admin_review,ai_assisted_first_pass
f034bc380ec71411,M Selvaraj,"Construction of roads, approach roads, link roads and pathways",Normal/Others,Tamil Nadu,NAGAPATTINAM(SC),District Collector Nagapattinam_IDA,Vedaranyam,Panchanathikulam West,"Vedaranyam, Panchanathikulam West",2023-12-28,2000000,YELLOW,40.4,3,100.0,0,45,1,1,4,0,0,5,5.0,4.0,false,Unsanctioned,Action Pending,Allocation amount is high compared with trained category/state distribution | Project is unsanctioned with action pending,valid_flag,Pending/unsanctioned status is combined with another risk signal.,prioritize_admin_review,ai_assisted_first_pass
51ead9d88efc8393,Horen Sing Bey,Construction of community centers and community halls,Normal/Others,Assam,AUTONOMOUS DISTRICT(ST),DEPUTY COMMISSIONER KARBI ANGLONG_IDA,Phuloni,Langhin,"Phuloni, Langhin",2023-12-22,2000000,YELLOW,40.4,3,100.0,0,45,1,1,1,0,0,1,5.0,5.7143,false,Unsanctioned,Action Pending,Allocation amount is high compared with trained category/state distribution | Project is unsanctioned with action pending,valid_flag,Pending/unsanctioned status is combined with another risk signal.,prioritize_admin_review,ai_assisted_first_pass
dcb814dfe9d3afa5,Ss Ahluwalia,Construction of community centers and community halls,Normal/Others,West Bengal,BARDHAMAN-DURGAPUR,DISTRICT MAGISTRATE PASCHIM BARDHAMAN_IDA,,,"Durgapur, Ward No. 41",2023-11-15,1750000,YELLOW,40.4,3,100.0,0,45,1,0,1,0,0,1,4.375,8.75,false,Unsanctioned,Action Pending,Allocation amount is high compared with trained category/state distribution | Project is unsanctioned with action pending,valid_flag,Pending/unsanctioned status is combined with another risk signal.,prioritize_admin_review,ai_assisted_first_pass
f736f313a18fce39,Ajay Pratap Singh,"Construction of roads, approach roads, link roads and pathways",Normal/Others,Madhya Pradesh,SITTING RAJYA SABHA,DISTRICT COLLECTOR MORENA_IDA,Morena,Aiti,"Morena, Aiti",2023-10-04,9687000,YELLOW,40.4,3,100.0,0,45,1,1,482,0,0,2,24.2175,32.398,false,Unsanctioned,Action Pending,Allocation amount is high compared with trained category/state distribution | Financial pattern is unusual against the IsolationForest train distribution | Project is unsanctioned with action pending,valid_flag,Pending/unsanctioned status is combined with another risk signal.,prioritize_admin_review,ai_assisted_first_pass
fee591c776a7e945,Mala Roy,Construction of footpaths and pedestrian ways,Normal/Others,West Bengal,KOLKATA DAKSHIN,COMMISSIONER KOLKATA MUNICIPAL CORPORATION_IDA,,,"Kolkata, 117",2023-12-28,1480000,YELLOW,40.4,3,100.0,0,45,1,0,1,0,0,1,3.7,7.4,false,Unsanctioned,Action Pending,Allocation amount is high compared with trained category/state distribution | Project is unsanctioned with action pending,valid_flag,Pending/unsanctioned status is combined with another risk signal.,prioritize_admin_review,ai_assisted_first_pass
ae0218bbcddd956a,S S Palanimanickam,Construction of New Building,Normal/Others,Tamil Nadu,THANJAVUR,DISTRICT COLLECTOR PUDUKKOTTAI_IDA,Karambakudi,Kattathi,"Karambakudi, Kattathi",2024-02-04,1650000,YELLOW,40.4,3,100.0,0,45,1,1,1,0,0,1,4.125,3.3,false,Unsanctioned,Action Pending,Allocation amount is high compared with trained category/state distribution | Project is unsanctioned with action pending,valid_flag,Pending/unsanctioned status is combined with another risk signal.,prioritize_admin_review,ai_assisted_first_pass
5928603c9a79bfc7,P Bhattacharya,Street lights,Normal/Others,West Bengal,SITTING RAJYA SABHA,DISTRICT MAGISTRATE HOWRAH_IDA,,,"Haora, 55",2023-07-02,2742651,YELLOW,40.4,3,100.0,0,45,1,0,176,0,0,1,6.8566,13.7133,false,Unsanctioned,Action Pending,Allocation amount is high compared with trained category/state distribution | Project is unsanctioned with action pending,valid_flag,Pending/unsanctioned status is combined with another risk signal.,prioritize_admin_review,ai_assisted_first_pass
0b6423526d6e521b,Ramcharan Bohra,Providing drains and gutters for public drainage,Normal/Others,Rajasthan,JAIPUR,DISTRICT COLLECTOR JAIPUR_IDA,,,"Jaipur Heritage, darsh Nagar Assembly.""""",2023-09-12,2000000,YELLOW,40.4,3,100.0,0,45,1,0,1,0,0,10,5.0,4.0,false,Unsanctioned,Action Pending,Allocation amount is high compared with trained category/state distribution | Project is unsanctioned with action pending,valid_flag,Pending/unsanctioned status is combined with another risk signal.,prioritize_admin_review,ai_assisted_first_pass
c887b8a5990023e0,Arvind Ganpat Sawant,cricket ground changing room,Normal/Others,Maharashtra,MUMBAI SOUTH,DISTRICT COLLECTOR MUMBAI CITY_IDA,,,"Greater Mumbai, A",2023-12-11,2500000,YELLOW,40.4,3,100.0,0,45,1,0,1,0,0,1,6.25,3.1407,false,Unsanctioned,Action Pending,Allocation amount is high compared with trained category/state distribution | Project is unsanctioned with action pending,valid_flag,Pending/unsanctioned status is combined with another risk signal.,prioritize_admin_review,ai_assisted_first_pass
fe88638d2b602429,Rajnath Singh,"Construction of roads, approach roads, link roads and pathways",Normal/Others,Uttar Pradesh,LUCKNOW,DISTRICT MAGISTRAE LUCKNOW_IDA,,,"Lucknow, New Haiderganj-III Ward No. 20",2023-12-13,1170000,YELLOW,40.4,3,100.0,0,45,1,0,5,0,0,5,2.925,5.2116,false,Unsanctioned,Action Pending,Allocation amount is high compared with trained category/state distribution | Project is unsanctioned with action pending,valid_flag,Pending/unsanctioned status is combined with another risk signal.,prioritize_admin_review,ai_assisted_first_pass
